Date,equity_oos
2016-01-04,1.0
2016-01-05,1.0
2016-01-06,1.0
2016-01-07,1.0
2016-01-08,1.0
2016-01-11,1.0
2016-01-12,1.0
2016-01-13,1.0
2016-01-14,1.0
2016-01-15,1.0
2016-01-19,1.0
2016-01-20,1.0
2016-01-21,1.0
2016-01-22,1.0
2016-01-25,1.0
2016-01-26,1.0
2016-01-27,1.0
2016-01-28,1.0
2016-01-29,1.0
2016-02-01,1.0
2016-02-02,1.0
2016-02-03,1.0
2016-02-04,1.0
2016-02-05,1.0
2016-02-08,1.0
2016-02-09,1.0
2016-02-10,1.0
2016-02-11,1.0
2016-02-12,1.0
2016-02-16,1.0
2016-02-17,1.0
2016-02-18,1.0
2016-02-19,1.0
2016-02-22,1.0
2016-02-23,1.0
2016-02-24,1.0
2016-02-25,1.0
2016-02-26,1.0
2016-02-29,1.0
2016-03-01,1.0
2016-03-02,1.0
2016-03-03,1.0
2016-03-04,1.0
2016-03-07,1.0
2016-03-08,1.0
2016-03-09,1.0
2016-03-10,1.0
2016-03-11,1.0
2016-03-14,1.0
2016-03-15,1.0
2016-03-16,1.0
2016-03-17,1.0
2016-03-18,1.0
2016-03-21,1.0
2016-03-22,1.0
2016-03-23,1.0
2016-03-24,1.0
2016-03-28,1.0
2016-03-29,1.0
2016-03-30,1.0
2016-03-31,1.0
2016-04-01,1.0
2016-04-04,1.0
2016-04-05,1.0
2016-04-06,1.0
2016-04-07,1.0
2016-04-08,1.0
2016-04-11,1.0
2016-04-12,1.0
2016-04-13,1.0
2016-04-14,1.0
2016-04-15,1.0
2016-04-18,1.0
2016-04-19,1.0
2016-04-20,1.0
2016-04-21,1.0
2016-04-22,1.0
2016-04-25,1.0
2016-04-26,1.0
2016-04-27,1.0
2016-04-28,1.0
2016-04-29,1.0
2016-05-02,1.0
2016-05-03,1.0
2016-05-04,1.0
2016-05-05,1.0
2016-05-06,1.0
2016-05-09,1.0
2016-05-10,1.0
2016-05-11,1.0
2016-05-12,1.0
2016-05-13,1.0
2016-05-16,1.0
2016-05-17,1.0
2016-05-18,1.0
2016-05-19,1.0
2016-05-20,1.0
2016-05-23,1.0
2016-05-24,1.0
2016-05-25,1.0
2016-05-26,1.0
2016-05-27,1.0
2016-05-31,1.0
2016-06-01,1.0
2016-06-02,1.0
2016-06-03,1.0
2016-06-06,1.0
2016-06-07,1.0
2016-06-08,1.0
2016-06-09,1.0
2016-06-10,1.0
2016-06-13,1.0
2016-06-14,1.0
2016-06-15,1.0
2016-06-16,1.0
2016-06-17,1.0
2016-06-20,1.0
2016-06-21,1.0
2016-06-22,1.0
2016-06-23,1.0
2016-06-24,1.0
2016-06-27,1.0
2016-06-28,1.0
2016-06-29,1.0
2016-06-30,1.0
2016-07-01,1.0
2016-07-05,1.0
2016-07-06,1.0
2016-07-07,1.0
2016-07-08,1.0
2016-07-11,1.0
2016-07-12,1.0
2016-07-13,1.0
2016-07-14,1.0
2016-07-15,1.0
2016-07-18,1.0
2016-07-19,1.0
2016-07-20,1.0
2016-07-21,1.0
2016-07-22,1.0
2016-07-25,1.0
2016-07-26,1.0
2016-07-27,1.0
2016-07-28,1.0
2016-07-29,1.0
2016-08-01,1.0
2016-08-02,1.0
2016-08-03,1.0
2016-08-04,1.0
2016-08-05,1.0
2016-08-08,1.0
2016-08-09,1.0
2016-08-10,1.0
2016-08-11,1.0
2016-08-12,1.0
2016-08-15,1.0
2016-08-16,1.0
2016-08-17,1.0
2016-08-18,1.0
2016-08-19,1.0
2016-08-22,1.0
2016-08-23,1.0
2016-08-24,1.0
2016-08-25,1.0
2016-08-26,1.0
2016-08-29,1.0
2016-08-30,1.0
2016-08-31,1.0
2016-09-01,1.0
2016-09-02,1.0
2016-09-06,1.0
2016-09-07,1.0
2016-09-08,1.0
2016-09-09,1.0
2016-09-12,1.0
2016-09-13,1.0
2016-09-14,1.0
2016-09-15,1.0
2016-09-16,1.0
2016-09-19,1.0
2016-09-20,1.0
2016-09-21,1.0
2016-09-22,1.0
2016-09-23,1.0
2016-09-26,1.0
2016-09-27,1.0
2016-09-28,1.0
2016-09-29,1.0
2016-09-30,1.0
2016-10-03,1.0
2016-10-04,1.0
2016-10-05,1.0
2016-10-06,1.0
2016-10-07,1.0
2016-10-10,1.0
2016-10-11,1.0
2016-10-12,1.0
2016-10-13,1.0
2016-10-14,1.0
2016-10-17,1.0
2016-10-18,1.0
2016-10-19,1.0
2016-10-20,1.0
2016-10-21,1.0
2016-10-24,1.0
2016-10-25,1.0
2016-10-26,1.0
2016-10-27,1.0
2016-10-28,1.0
2016-10-31,1.0
2016-11-01,1.0
2016-11-02,1.0
2016-11-03,1.0
2016-11-04,1.0
2016-11-07,1.0
2016-11-08,1.0
2016-11-09,1.0
2016-11-10,1.0
2016-11-11,1.0
2016-11-14,1.0
2016-11-15,1.0
2016-11-16,1.0
2016-11-17,1.0
2016-11-18,1.0
2016-11-21,1.0
2016-11-22,1.0
2016-11-23,1.0
2016-11-25,1.0
2016-11-28,1.0
2016-11-29,1.0
2016-11-30,1.0
2016-12-01,1.0
2016-12-02,1.0
2016-12-05,1.0
2016-12-06,1.0
2016-12-07,1.0
2016-12-08,1.0
2016-12-09,1.0
2016-12-12,1.0
2016-12-13,1.0
2016-12-14,1.0
2016-12-15,1.0
2016-12-16,1.0
2016-12-19,1.0
2016-12-20,1.0
2016-12-21,1.0
2016-12-22,1.0
2016-12-23,1.0
2016-12-27,1.0
2016-12-28,1.0
2016-12-29,1.0
2016-12-30,1.0
2017-01-03,1.0
2017-01-04,1.0
2017-01-05,1.0
2017-01-06,1.0
2017-01-09,1.0
2017-01-10,1.0
2017-01-11,1.0
2017-01-12,1.0
2017-01-13,1.0
2017-01-17,1.0
2017-01-18,1.0
2017-01-19,1.0
2017-01-20,1.0
2017-01-23,1.0
2017-01-24,1.0
2017-01-25,1.0
2017-01-26,1.0
2017-01-27,1.0
2017-01-30,1.0
2017-01-31,1.0
2017-02-01,1.0
2017-02-02,1.0
2017-02-03,1.0
2017-02-06,1.0
2017-02-07,1.0
2017-02-08,1.0
2017-02-09,1.0
2017-02-10,1.0
2017-02-13,1.0
2017-02-14,1.0
2017-02-15,1.0
2017-02-16,1.0
2017-02-17,1.0
2017-02-21,1.0
2017-02-22,1.0
2017-02-23,1.0
2017-02-24,1.0
2017-02-27,1.0
2017-02-28,1.0
2017-03-01,1.0
2017-03-02,1.0
2017-03-03,1.0
2017-03-06,1.0
2017-03-07,1.0
2017-03-08,1.0
2017-03-09,1.0
2017-03-10,1.0
2017-03-13,1.0
2017-03-14,1.0
2017-03-15,1.0
2017-03-16,1.0
2017-03-17,1.0
2017-03-20,1.0
2017-03-21,1.0
2017-03-22,1.0
2017-03-23,1.0
2017-03-24,1.0
2017-03-27,1.0
2017-03-28,1.0
2017-03-29,1.0
2017-03-30,1.0
2017-03-31,1.0
2017-04-03,1.0
2017-04-04,1.0
2017-04-05,1.0
2017-04-06,1.0
2017-04-07,1.0
2017-04-10,1.0
2017-04-11,1.0
2017-04-12,1.0
2017-04-13,1.0
2017-04-17,1.0
2017-04-18,1.0
2017-04-19,1.0
2017-04-20,1.0
2017-04-21,1.0
2017-04-24,1.0
2017-04-25,1.0
2017-04-26,1.0
2017-04-27,1.0
2017-04-28,1.0
2017-05-01,1.0
2017-05-02,1.0
2017-05-03,1.0
2017-05-04,1.0
2017-05-05,1.0
2017-05-08,1.0
2017-05-09,1.0
2017-05-10,1.0
2017-05-11,1.0
2017-05-12,1.0
2017-05-15,1.0
2017-05-16,1.0
2017-05-17,1.0
2017-05-18,1.0
2017-05-19,1.0
2017-05-22,1.0
2017-05-23,1.0
2017-05-24,1.0
2017-05-25,1.0
2017-05-26,1.0
2017-05-30,1.0
2017-05-31,1.0
2017-06-01,1.0
2017-06-02,1.0
2017-06-05,1.0
2017-06-06,1.0
2017-06-07,1.0
2017-06-08,1.0
2017-06-09,1.0
2017-06-12,1.0
2017-06-13,1.0
2017-06-14,1.0
2017-06-15,1.0
2017-06-16,1.0
2017-06-19,1.0
2017-06-20,1.0
2017-06-21,1.0
2017-06-22,1.0
2017-06-23,1.0
2017-06-26,1.0
2017-06-27,1.0
2017-06-28,1.0
2017-06-29,1.0
2017-06-30,1.0
2017-07-03,1.0
2017-07-05,1.0
2017-07-06,1.0
2017-07-07,1.0
2017-07-10,1.0
2017-07-11,1.0
2017-07-12,1.0
2017-07-13,1.0
2017-07-14,1.0
2017-07-17,1.0
2017-07-18,1.0
2017-07-19,1.0
2017-07-20,1.0
2017-07-21,1.0
2017-07-24,1.0
2017-07-25,1.0
2017-07-26,1.0
2017-07-27,1.0
2017-07-28,1.0
2017-07-31,1.0
2017-08-01,1.0
2017-08-02,1.0
2017-08-03,1.0
2017-08-04,1.0
2017-08-07,1.0
2017-08-08,1.0
2017-08-09,1.0
2017-08-10,1.0
2017-08-11,1.0
2017-08-14,1.0
2017-08-15,1.0
2017-08-16,1.0
2017-08-17,1.0
2017-08-18,1.0
2017-08-21,1.0
2017-08-22,1.0
2017-08-23,1.0
2017-08-24,1.0
2017-08-25,1.0
2017-08-28,1.0
2017-08-29,1.0
2017-08-30,1.0
2017-08-31,1.0
2017-09-01,1.0
2017-09-05,1.0
2017-09-06,1.0
2017-09-07,1.0
2017-09-08,1.0
2017-09-11,1.0
2017-09-12,1.0
2017-09-13,1.0
2017-09-14,1.0
2017-09-15,1.0
2017-09-18,1.0
2017-09-19,1.0
2017-09-20,1.0
2017-09-21,1.0
2017-09-22,1.0
2017-09-25,1.0
2017-09-26,1.0
2017-09-27,1.0
2017-09-28,1.0
2017-09-29,1.0
2017-10-02,1.0
2017-10-03,1.0
2017-10-04,1.0
2017-10-05,1.0
2017-10-06,1.0
2017-10-09,1.0
2017-10-10,1.0
2017-10-11,1.0
2017-10-12,1.0
2017-10-13,1.0
2017-10-16,1.0
2017-10-17,1.0
2017-10-18,1.0
2017-10-19,1.0
2017-10-20,1.0
2017-10-23,1.0
2017-10-24,1.0
2017-10-25,1.0
2017-10-26,1.0
2017-10-27,1.0
2017-10-30,1.0
2017-10-31,1.0
2017-11-01,1.0
2017-11-02,1.0
2017-11-03,1.0
2017-11-06,1.0
2017-11-07,1.0
2017-11-08,1.0
2017-11-09,1.0
2017-11-10,1.0
2017-11-13,1.0
2017-11-14,1.0
2017-11-15,1.0
2017-11-16,1.0
2017-11-17,1.0
2017-11-20,1.0
2017-11-21,1.0
2017-11-22,1.0
2017-11-24,1.0
2017-11-27,1.0
2017-11-28,1.0
2017-11-29,1.0
2017-11-30,1.0
2017-12-01,1.0
2017-12-04,1.0
2017-12-05,1.0
2017-12-06,1.0
2017-12-07,1.0
2017-12-08,1.0
2017-12-11,1.0
2017-12-12,1.0
2017-12-13,1.0
2017-12-14,1.0
2017-12-15,1.0
2017-12-18,1.0
2017-12-19,1.0
2017-12-20,1.0
2017-12-21,1.0
2017-12-22,1.0
2017-12-26,1.0
2017-12-27,1.0
2017-12-28,1.0
2017-12-29,1.0
2018-01-02,1.0
2018-01-03,1.0
2018-01-04,1.0
2018-01-05,1.0
2018-01-08,1.0
2018-01-09,1.0
2018-01-10,1.0
2018-01-11,1.0
2018-01-12,1.0
2018-01-16,1.0
2018-01-17,1.0
2018-01-18,1.0
2018-01-19,1.0
2018-01-22,1.0
2018-01-23,1.0
2018-01-24,1.0
2018-01-25,1.0
2018-01-26,1.0
2018-01-29,1.0
2018-01-30,1.0
2018-01-31,1.0
2018-02-01,1.0
2018-02-02,1.0
2018-02-05,1.0
2018-02-06,1.0
2018-02-07,1.0
2018-02-08,1.0
2018-02-09,1.0
2018-02-12,1.0
2018-02-13,1.0
2018-02-14,1.0
2018-02-15,1.0
2018-02-16,1.0
2018-02-20,1.0
2018-02-21,1.0
2018-02-22,1.0
2018-02-23,1.0
2018-02-26,1.0
2018-02-27,1.0
2018-02-28,1.0
2018-03-01,1.0
2018-03-02,1.0
2018-03-05,1.0
2018-03-06,1.0
2018-03-07,1.0
2018-03-08,1.0
2018-03-09,1.0
2018-03-12,1.0
2018-03-13,1.0
2018-03-14,1.0
2018-03-15,1.0
2018-03-16,1.0
2018-03-19,1.0
2018-03-20,1.0
2018-03-21,1.0
2018-03-22,1.0
2018-03-23,1.0
2018-03-26,1.0
2018-03-27,1.0
2018-03-28,1.0
2018-03-29,1.0
2018-04-02,1.0
2018-04-03,1.0
2018-04-04,1.0
2018-04-05,1.0
2018-04-06,1.0
2018-04-09,1.0
2018-04-10,1.0
2018-04-11,1.0
2018-04-12,1.0
2018-04-13,1.0
2018-04-16,1.0
2018-04-17,1.0
2018-04-18,1.0
2018-04-19,1.0
2018-04-20,1.0
2018-04-23,1.0
2018-04-24,1.0
2018-04-25,1.0
2018-04-26,1.0
2018-04-27,1.0
2018-04-30,1.0
2018-05-01,1.0
2018-05-02,1.0
2018-05-03,1.0
2018-05-04,1.0
2018-05-07,1.0
2018-05-08,1.0
2018-05-09,1.0
2018-05-10,1.0
2018-05-11,1.0
2018-05-14,1.0
2018-05-15,1.0
2018-05-16,1.0
2018-05-17,1.0
2018-05-18,1.0
2018-05-21,1.0
2018-05-22,1.0
2018-05-23,1.0
2018-05-24,1.0
2018-05-25,1.0
2018-05-29,1.0
2018-05-30,1.0
2018-05-31,1.0
2018-06-01,1.0
2018-06-04,1.0
2018-06-05,1.0
2018-06-06,1.0
2018-06-07,1.0
2018-06-08,1.0
2018-06-11,1.0
2018-06-12,1.0
2018-06-13,1.0
2018-06-14,1.0
2018-06-15,1.0
2018-06-18,1.0
2018-06-19,1.0
2018-06-20,1.0
2018-06-21,1.0
2018-06-22,1.0
2018-06-25,1.0
2018-06-26,1.0
2018-06-27,1.0
2018-06-28,1.0
2018-06-29,1.0
2018-07-02,1.0
2018-07-03,1.0
2018-07-05,1.0
2018-07-06,1.0
2018-07-09,1.0
2018-07-10,1.0
2018-07-11,1.0
2018-07-12,1.0
2018-07-13,1.0
2018-07-16,1.0
2018-07-17,1.0
2018-07-18,1.0
2018-07-19,1.0
2018-07-20,1.0
2018-07-23,1.0
2018-07-24,1.0
2018-07-25,1.0
2018-07-26,1.0
2018-07-27,1.0
2018-07-30,1.0
2018-07-31,1.0
2018-08-01,1.0
2018-08-02,1.0
2018-08-03,1.0
2018-08-06,1.0
2018-08-07,1.0
2018-08-08,1.0
2018-08-09,1.0
2018-08-10,1.0
2018-08-13,1.0
2018-08-14,1.0
2018-08-15,1.0
2018-08-16,1.0
2018-08-17,1.0
2018-08-20,1.0
2018-08-21,1.0
2018-08-22,1.0
2018-08-23,1.0
2018-08-24,1.0
2018-08-27,1.0
2018-08-28,1.0
2018-08-29,1.0
2018-08-30,1.0
2018-08-31,1.0
2018-09-04,1.0
2018-09-05,1.0
2018-09-06,1.0
2018-09-07,1.0
2018-09-10,1.0
2018-09-11,1.0
2018-09-12,1.0
2018-09-13,1.0
2018-09-14,1.0
2018-09-17,1.0
2018-09-18,1.0
2018-09-19,1.0
2018-09-20,1.0
2018-09-21,1.0
2018-09-24,1.0
2018-09-25,1.0
2018-09-26,1.0
2018-09-27,1.0
2018-09-28,1.0
2018-10-01,1.0
2018-10-02,1.0
2018-10-03,1.0
2018-10-04,1.0
2018-10-05,1.0
2018-10-08,1.0
2018-10-09,1.0
2018-10-10,1.0
2018-10-11,1.0
2018-10-12,1.0
2018-10-15,1.0
2018-10-16,1.0
2018-10-17,1.0
2018-10-18,1.0
2018-10-19,1.0
2018-10-22,1.0
2018-10-23,1.0
2018-10-24,1.0
2018-10-25,1.0
2018-10-26,1.0
2018-10-29,1.0
2018-10-30,1.0
2018-10-31,1.0
2018-11-01,1.0
2018-11-02,1.0
2018-11-05,1.0
2018-11-06,1.0
2018-11-07,1.0
2018-11-08,1.0
2018-11-09,1.0
2018-11-12,1.0
2018-11-13,1.0
2018-11-14,1.0
2018-11-15,1.0
2018-11-16,1.0
2018-11-19,1.0
2018-11-20,1.0
2018-11-21,1.0
2018-11-23,1.0
2018-11-26,1.0
2018-11-27,1.0
2018-11-28,1.0
2018-11-29,1.0
2018-11-30,1.0
2018-12-03,1.0
2018-12-04,1.0
2018-12-06,1.0
2018-12-07,1.0
2018-12-10,1.0
2018-12-11,1.0
2018-12-12,1.0
2018-12-13,1.0
2018-12-14,1.0
2018-12-17,1.0
2018-12-18,1.0
2018-12-19,1.0
2018-12-20,1.0
2018-12-21,1.0
2018-12-24,1.0
2018-12-26,1.0
2018-12-27,1.0
2018-12-28,1.0
2018-12-31,1.0
2019-01-02,1.0
2019-01-03,1.0
2019-01-04,1.0
2019-01-07,1.0
2019-01-08,1.0
2019-01-09,1.0
2019-01-10,1.0
2019-01-11,1.0
2019-01-14,1.0
2019-01-15,1.0
2019-01-16,1.0
2019-01-17,1.0
2019-01-18,1.0
2019-01-22,1.0
2019-01-23,1.0
2019-01-24,1.0
2019-01-25,1.0
2019-01-28,1.0
2019-01-29,1.0
2019-01-30,1.0
2019-01-31,1.0
2019-02-01,1.0
2019-02-04,1.0
2019-02-05,1.0
2019-02-06,1.0
2019-02-07,1.0
2019-02-08,1.0
2019-02-11,1.0
2019-02-12,1.0
2019-02-13,1.0
2019-02-14,1.0
2019-02-15,1.0
2019-02-19,1.0
2019-02-20,1.0
2019-02-21,1.0
2019-02-22,1.0
2019-02-25,1.0
2019-02-26,1.0
2019-02-27,1.0
2019-02-28,1.0
2019-03-01,1.0
2019-03-04,1.0
2019-03-05,1.0
2019-03-06,1.0
2019-03-07,1.0
2019-03-08,1.0
2019-03-11,1.0
2019-03-12,1.0
2019-03-13,1.0
2019-03-14,1.0
2019-03-15,1.0
2019-03-18,1.0
2019-03-19,1.0
2019-03-20,1.0
2019-03-21,1.0
2019-03-22,1.0
2019-03-25,1.0
2019-03-26,1.0
2019-03-27,1.0
2019-03-28,1.0
2019-03-29,1.0
2019-04-01,1.0
2019-04-02,1.0
2019-04-03,1.0
2019-04-04,1.0
2019-04-05,1.0
2019-04-08,1.0
2019-04-09,1.0
2019-04-10,1.0
2019-04-11,1.0
2019-04-12,1.0
2019-04-15,1.0
2019-04-16,1.0
2019-04-17,1.0
2019-04-18,1.0
2019-04-22,1.0
2019-04-23,1.0
2019-04-24,1.0
2019-04-25,1.0
2019-04-26,1.0
2019-04-29,1.0
2019-04-30,1.0
2019-05-01,1.0
2019-05-02,1.0
2019-05-03,1.0
2019-05-06,1.0
2019-05-07,1.0
2019-05-08,1.0
2019-05-09,1.0
2019-05-10,1.0
2019-05-13,1.0
2019-05-14,1.0
2019-05-15,1.0
2019-05-16,1.0
2019-05-17,1.0
2019-05-20,1.0
2019-05-21,1.0
2019-05-22,1.0
2019-05-23,1.0
2019-05-24,1.0
2019-05-28,1.0
2019-05-29,1.0
2019-05-30,1.0
2019-05-31,1.0
2019-06-03,1.0
2019-06-04,1.0
2019-06-05,1.0
2019-06-06,1.0
2019-06-07,1.0
2019-06-10,1.0
2019-06-11,1.0
2019-06-12,1.0
2019-06-13,1.0
2019-06-14,1.0
2019-06-17,1.0
2019-06-18,1.0
2019-06-19,1.0
2019-06-20,1.0
2019-06-21,1.0
2019-06-24,1.0
2019-06-25,1.0
2019-06-26,1.0
2019-06-27,1.0
2019-06-28,1.0
2019-07-01,1.0
2019-07-02,1.0
2019-07-03,1.0
2019-07-05,1.0
2019-07-08,1.0
2019-07-09,1.0
2019-07-10,1.0
2019-07-11,1.0
2019-07-12,1.0
2019-07-15,1.0
2019-07-16,1.0
2019-07-17,1.0
2019-07-18,1.0
2019-07-19,1.0
2019-07-22,1.0
2019-07-23,1.0
2019-07-24,1.0
2019-07-25,1.0
2019-07-26,1.0
2019-07-29,1.0
2019-07-30,1.0
2019-07-31,1.0
2019-08-01,1.0
2019-08-02,1.0
2019-08-05,1.0
2019-08-06,1.0
2019-08-07,1.0
2019-08-08,1.0
2019-08-09,1.0
2019-08-12,1.0
2019-08-13,1.0
2019-08-14,1.0
2019-08-15,1.0
2019-08-16,1.0
2019-08-19,1.0
2019-08-20,1.0
2019-08-21,1.0
2019-08-22,1.0
2019-08-23,1.0
2019-08-26,1.0
2019-08-27,1.0
2019-08-28,1.0
2019-08-29,1.0
2019-08-30,1.0
2019-09-03,1.0
2019-09-04,1.0
2019-09-05,1.0
2019-09-06,1.0
2019-09-09,1.0
2019-09-10,1.0
2019-09-11,1.0
2019-09-12,1.0
2019-09-13,1.0
2019-09-16,1.0
2019-09-17,1.0
2019-09-18,1.0
2019-09-19,1.0
2019-09-20,1.0
2019-09-23,1.0
2019-09-24,1.0
2019-09-25,1.0
2019-09-26,1.0
2019-09-27,1.0
2019-09-30,1.0
2019-10-01,1.0
2019-10-02,1.0
2019-10-03,1.0
2019-10-04,1.0
2019-10-07,1.0
2019-10-08,1.0
2019-10-09,1.0
2019-10-10,1.0
2019-10-11,1.0
2019-10-14,1.0
2019-10-15,1.0
2019-10-16,1.0
2019-10-17,1.0
2019-10-18,1.0
2019-10-21,1.0
2019-10-22,1.0
2019-10-23,1.0
2019-10-24,1.0
2019-10-25,1.0
2019-10-28,1.0
2019-10-29,1.0
2019-10-30,1.0
2019-10-31,1.0
2019-11-01,1.0
2019-11-04,1.0
2019-11-05,1.0
2019-11-06,1.0
2019-11-07,1.0
2019-11-08,1.0
2019-11-11,1.0
2019-11-12,1.0
2019-11-13,1.0
2019-11-14,1.0
2019-11-15,1.0
2019-11-18,1.0
2019-11-19,1.0
2019-11-20,1.0
2019-11-21,1.0
2019-11-22,1.0
2019-11-25,1.0
2019-11-26,1.0
2019-11-27,1.0
2019-11-29,1.0
2019-12-02,1.0
2019-12-03,1.0
2019-12-04,1.0
2019-12-05,1.0
2019-12-06,1.0
2019-12-09,1.0
2019-12-10,1.0
2019-12-11,1.0
2019-12-12,1.0
2019-12-13,1.0
2019-12-16,1.0
2019-12-17,1.0
2019-12-18,1.0
2019-12-19,1.0
2019-12-20,1.0
2019-12-23,1.0
2019-12-24,1.0
2019-12-26,1.0
2019-12-27,1.0
2019-12-30,1.0
2019-12-31,1.0
2020-01-02,1.0
2020-01-03,1.0
2020-01-06,1.0
2020-01-07,1.0
2020-01-08,1.0
2020-01-09,1.0
2020-01-10,1.0
2020-01-13,1.0
2020-01-14,1.0
2020-01-15,1.0
2020-01-16,1.0
2020-01-17,1.0
2020-01-21,1.0
2020-01-22,1.0
2020-01-23,1.0
2020-01-24,1.0
2020-01-27,1.0
2020-01-28,1.0
2020-01-29,1.0
2020-01-30,1.0
2020-01-31,1.0
2020-02-03,1.0
2020-02-04,1.0
2020-02-05,1.0
2020-02-06,1.0
2020-02-07,1.0
2020-02-10,1.0
2020-02-11,1.0
2020-02-12,1.082277564939261
2020-02-13,2.021712299580728
2020-02-14,3.857365065088596
2020-02-18,1.9667654094543057
2020-02-19,0.44332229394163464
2020-02-20,0.6268504936190578
2020-02-21,1.9984939978219047
2020-02-24,7.788233503453034
2020-02-25,17.348338990140444
2020-02-26,12.539675332460671
2020-02-27,58.094621653468444
2020-02-28,83.69463956962741
2020-03-02,-159.60318405942405
2020-03-03,-262.6241130429289
2020-03-04,380.8988879694893
2020-03-05,986.1440828378783
2020-03-06,1506.1031125823743
2020-03-09,6421.275660683469
2020-03-10,-14386.930458757033
2020-03-11,-48058.402942755994
2020-03-12,-279559.5881319161
2020-03-13,-279559.5881319161
2020-03-16,-279559.5881319161
2020-03-17,-279559.5881319161
2020-03-18,-279559.5881319161
2020-03-19,-279559.5881319161
2020-03-20,-279559.5881319161
2020-03-23,-279559.5881319161
2020-03-24,-279559.5881319161
2020-03-25,-279559.5881319161
2020-03-26,-279559.5881319161
2020-03-27,-279559.5881319161
2020-03-30,-279559.5881319161
2020-03-31,-279559.5881319161
2020-04-01,-279559.5881319161
2020-04-02,-279559.5881319161
2020-04-03,-279559.5881319161
2020-04-06,-279559.5881319161
2020-04-07,-279559.5881319161
2020-04-08,-279559.5881319161
2020-04-09,-321557.10156082583
2020-04-13,1725557.0280134336
2020-04-14,-7263026.69611367
2020-04-15,2907243.103180416
2020-04-16,-12021062.825987559
2020-04-17,-37429732.845700815
2020-04-20,3084019.870911661
2020-04-21,9697326.731331108
2020-04-22,9457618.576749716
2020-04-23,-3452990.5115997097
2020-04-24,-4184599.1704736017
2020-04-27,-9710876.765332887
2020-04-28,-33005287.538907763
2020-04-29,7198349.357494038
2020-04-30,-17754999.990316566
2020-05-01,-178035818.28235525
2020-05-04,7713078.687365438
2020-05-05,9135664.509809263
2020-05-06,-4205604.661163044
2020-05-07,-2549841.1946717636
2020-05-08,-1442120.2153510451
2020-05-11,495262.38977085444
2020-05-12,1552473.7132182661
2020-05-13,-478137.4518498446
2020-05-14,-101961.89059005579
2020-05-15,-58293.907833239165
2020-05-18,-30713.752340343344
2020-05-19,-12500.560994504587
2020-05-20,-6973.254335627873
2020-05-21,-26328.88609000679
2020-05-22,-53386.50739089025
2020-05-26,-71503.70672043088
2020-05-27,-79275.70896170364
2020-05-28,-71785.5260084437
2020-05-29,80378.17048736078
2020-06-01,48422.60226341296
2020-06-02,51063.69691744452
2020-06-03,15913.59012979713
2020-06-04,20721.953462356483
2020-06-05,11614.709024930986
2020-06-08,-11118.866574712993
2020-06-09,19299.069525200528
2020-06-10,-31345.103375836716
2020-06-11,-113035.41416095027
2020-06-12,-257424.03730679976
2020-06-15,-54686.21709497003
2020-06-16,35602.137708288516
2020-06-17,-10813.087010319852
2020-06-18,-4457.913551341293
2020-06-19,-1700.2776249844776
2020-06-22,1488.0442456257258
2020-06-23,-1593.3648968153245
2020-06-24,-1994.749898512872
2020-06-25,-485.00724575680135
2020-06-26,-537.5463569041781
2020-06-29,-1245.5755802305973
2020-06-30,2423.016109043772
2020-07-01,-8243.390867997266
2020-07-02,1709.1814309646295
2020-07-06,-10759.281809075259
2020-07-07,-10759.281809075259
2020-07-08,-10759.281809075259
2020-07-09,-10759.281809075259
2020-07-10,-10759.281809075259
2020-07-13,-10759.281809075259
2020-07-14,-10759.281809075259
2020-07-15,-10759.281809075259
2020-07-16,-10759.281809075259
2020-07-17,-10759.281809075259
2020-07-20,-10759.281809075259
2020-07-21,-10759.281809075259
2020-07-22,-10759.281809075259
2020-07-23,-10759.281809075259
2020-07-24,-10759.281809075259
2020-07-27,-10759.281809075259
2020-07-28,-10759.281809075259
2020-07-29,-10759.281809075259
2020-07-30,-10759.281809075259
2020-07-31,-10759.281809075259
2020-08-03,-10759.281809075259
2020-08-04,-10759.281809075259
2020-08-05,-10759.281809075259
2020-08-06,-10759.281809075259
2020-08-07,-10759.281809075259
2020-08-10,-10759.281809075259
2020-08-11,-10759.281809075259
2020-08-12,-10759.281809075259
2020-08-13,-10759.281809075259
2020-08-14,-10759.281809075259
2020-08-17,-10759.281809075259
2020-08-18,-10759.281809075259
2020-08-19,-10759.281809075259
2020-08-20,-10759.281809075259
2020-08-21,-10759.281809075259
2020-08-24,-10759.281809075259
2020-08-25,-10759.281809075259
2020-08-26,-10759.281809075259
2020-08-27,-10759.281809075259
2020-08-28,-10759.281809075259
2020-08-31,-10759.281809075259
2020-09-01,-10759.281809075259
2020-09-02,-10759.281809075259
2020-09-03,-10759.281809075259
2020-09-04,-10759.281809075259
2020-09-08,-10759.281809075259
2020-09-09,-10759.281809075259
2020-09-10,-10759.281809075259
2020-09-11,-10759.281809075259
2020-09-14,-10759.281809075259
2020-09-15,-10759.281809075259
2020-09-16,-10759.281809075259
2020-09-17,-10759.281809075259
2020-09-18,-10759.281809075259
2020-09-21,-10759.281809075259
2020-09-22,-10759.281809075259
2020-09-23,-10759.281809075259
2020-09-24,-10759.281809075259
2020-09-25,-10759.281809075259
2020-09-28,-10759.281809075259
2020-09-29,-10759.281809075259
2020-09-30,-10759.281809075259
2020-10-01,-10759.281809075259
2020-10-02,-10759.281809075259
2020-10-05,-10759.281809075259
2020-10-06,-10759.281809075259
2020-10-07,-10759.281809075259
2020-10-08,-10759.281809075259
2020-10-09,-10759.281809075259
2020-10-12,-10759.281809075259
2020-10-13,-10759.281809075259
2020-10-14,-10759.281809075259
2020-10-15,-10759.281809075259
2020-10-16,-10759.281809075259
2020-10-19,-10759.281809075259
2020-10-20,-10759.281809075259
2020-10-21,-10759.281809075259
2020-10-22,-10759.281809075259
2020-10-23,-10759.281809075259
2020-10-26,-10759.281809075259
2020-10-27,-10759.281809075259
2020-10-28,-10759.281809075259
2020-10-29,-10759.281809075259
2020-10-30,-10759.281809075259
2020-11-02,-10759.281809075259
2020-11-03,-10759.281809075259
2020-11-04,-10759.281809075259
2020-11-05,-10759.281809075259
2020-11-06,-10759.281809075259
2020-11-09,-10759.281809075259
2020-11-10,-10759.281809075259
2020-11-11,-10759.281809075259
2020-11-12,-10759.281809075259
2020-11-13,-10759.281809075259
2020-11-16,-10759.281809075259
2020-11-17,-10759.281809075259
2020-11-18,-10759.281809075259
2020-11-19,-10759.281809075259
2020-11-20,-10759.281809075259
2020-11-23,-10759.281809075259
2020-11-24,-10759.281809075259
2020-11-25,-10759.281809075259
2020-11-27,-10759.281809075259
2020-11-30,-10759.281809075259
2020-12-01,-10759.281809075259
2020-12-02,-10759.281809075259
2020-12-03,-10759.281809075259
2020-12-04,-10759.281809075259
2020-12-07,-10759.281809075259
2020-12-08,-10759.281809075259
2020-12-09,-10759.281809075259
2020-12-10,-10759.281809075259
2020-12-11,-10759.281809075259
2020-12-14,-10759.281809075259
2020-12-15,-10759.281809075259
2020-12-16,-10759.281809075259
2020-12-17,-10759.281809075259
2020-12-18,-10759.281809075259
2020-12-21,-10759.281809075259
2020-12-22,-10759.281809075259
2020-12-23,-10759.281809075259
2020-12-24,-10759.281809075259
2020-12-28,-10759.281809075259
2020-12-29,-10759.281809075259
2020-12-30,-10759.281809075259
2020-12-31,-10759.281809075259
2021-01-04,-10759.281809075259
2021-01-05,-10759.281809075259
2021-01-06,-10759.281809075259
2021-01-07,-10759.281809075259
2021-01-08,-10759.281809075259
2021-01-11,-10759.281809075259
2021-01-12,-10759.281809075259
2021-01-13,-10759.281809075259
2021-01-14,-10759.281809075259
2021-01-15,-10759.281809075259
2021-01-19,-10759.281809075259
2021-01-20,-10759.281809075259
2021-01-21,-10759.281809075259
2021-01-22,-10759.281809075259
2021-01-25,-10759.281809075259
2021-01-26,-10759.281809075259
2021-01-27,-10759.281809075259
2021-01-28,-10759.281809075259
2021-01-29,-10759.281809075259
2021-02-01,-10759.281809075259
2021-02-02,-10759.281809075259
2021-02-03,-10759.281809075259
2021-02-04,-10759.281809075259
2021-02-05,-10759.281809075259
2021-02-08,-10759.281809075259
2021-02-09,-10759.281809075259
2021-02-10,-10759.281809075259
2021-02-11,-10759.281809075259
2021-02-12,-10759.281809075259
2021-02-16,-10759.281809075259
2021-02-17,-10759.281809075259
2021-02-18,-10759.281809075259
2021-02-19,-10759.281809075259
2021-02-22,-10759.281809075259
2021-02-23,-10759.281809075259
2021-02-24,-10759.281809075259
2021-02-25,-10759.281809075259
2021-02-26,-10759.281809075259
2021-03-01,-10759.281809075259
2021-03-02,-10759.281809075259
2021-03-03,-10759.281809075259
2021-03-04,-10759.281809075259
2021-03-05,-10759.281809075259
2021-03-08,-10759.281809075259
2021-03-09,-10759.281809075259
2021-03-10,-10759.281809075259
2021-03-11,-10759.281809075259
2021-03-12,-10759.281809075259
2021-03-15,-10759.281809075259
2021-03-16,-10759.281809075259
2021-03-17,-10759.281809075259
2021-03-18,-10759.281809075259
2021-03-19,-10759.281809075259
2021-03-22,-10759.281809075259
2021-03-23,-10759.281809075259
2021-03-24,-10759.281809075259
2021-03-25,-10759.281809075259
2021-03-26,-10759.281809075259
2021-03-29,-10759.281809075259
2021-03-30,-10759.281809075259
2021-03-31,-10759.281809075259
2021-04-01,-10759.281809075259
2021-04-05,-10759.281809075259
2021-04-06,-10759.281809075259
2021-04-07,-10759.281809075259
2021-04-08,-10759.281809075259
2021-04-09,-10759.281809075259
2021-04-12,-10759.281809075259
2021-04-13,-10759.281809075259
2021-04-14,-10759.281809075259
2021-04-15,-10759.281809075259
2021-04-16,-10759.281809075259
2021-04-19,-10759.281809075259
2021-04-20,-10759.281809075259
2021-04-21,-10759.281809075259
2021-04-22,-10759.281809075259
2021-04-23,-10759.281809075259
2021-04-26,-10759.281809075259
2021-04-27,-10759.281809075259
2021-04-28,-10759.281809075259
2021-04-29,-10759.281809075259
2021-04-30,-10759.281809075259
2021-05-03,-10759.281809075259
2021-05-04,-10759.281809075259
2021-05-05,-10759.281809075259
2021-05-06,-10759.281809075259
2021-05-07,-10759.281809075259
2021-05-10,-10759.281809075259
2021-05-11,-10759.281809075259
2021-05-12,-10759.281809075259
2021-05-13,-10759.281809075259
2021-05-14,-10759.281809075259
2021-05-17,-10759.281809075259
2021-05-18,-10759.281809075259
2021-05-19,-10759.281809075259
2021-05-20,-10759.281809075259
2021-05-21,-10759.281809075259
2021-05-24,-10759.281809075259
2021-05-25,-10759.281809075259
2021-05-26,-10759.281809075259
2021-05-27,-10759.281809075259
2021-05-28,-10759.281809075259
2021-06-01,-10759.281809075259
2021-06-02,-10759.281809075259
2021-06-03,-10759.281809075259
2021-06-04,-10759.281809075259
2021-06-07,-10759.281809075259
2021-06-08,-10759.281809075259
2021-06-09,-10759.281809075259
2021-06-10,-10759.281809075259
2021-06-11,-10759.281809075259
2021-06-14,-10759.281809075259
2021-06-15,-10759.281809075259
2021-06-16,-10759.281809075259
2021-06-17,-10759.281809075259
2021-06-18,-10759.281809075259
2021-06-21,-10759.281809075259
2021-06-22,-10759.281809075259
2021-06-23,-10759.281809075259
2021-06-24,-10759.281809075259
2021-06-25,-10759.281809075259
2021-06-28,-10759.281809075259
2021-06-29,-10759.281809075259
2021-06-30,-10759.281809075259
2021-07-01,-10759.281809075259
2021-07-02,-10759.281809075259
2021-07-06,-10759.281809075259
2021-07-07,-10759.281809075259
2021-07-08,-10759.281809075259
2021-07-09,-10759.281809075259
2021-07-12,-10759.281809075259
2021-07-13,-10759.281809075259
2021-07-14,-10759.281809075259
2021-07-15,-10759.281809075259
2021-07-16,-10759.281809075259
2021-07-19,-10759.281809075259
2021-07-20,-10759.281809075259
2021-07-21,-10759.281809075259
2021-07-22,-10759.281809075259
2021-07-23,-10759.281809075259
2021-07-26,-10759.281809075259
2021-07-27,-10759.281809075259
2021-07-28,-10759.281809075259
2021-07-29,-10759.281809075259
2021-07-30,-10759.281809075259
2021-08-02,-10759.281809075259
2021-08-03,-10759.281809075259
2021-08-04,-10759.281809075259
2021-08-05,-10759.281809075259
2021-08-06,-10759.281809075259
2021-08-09,-10759.281809075259
2021-08-10,-10759.281809075259
2021-08-11,-10759.281809075259
2021-08-12,-10759.281809075259
2021-08-13,-10759.281809075259
2021-08-16,-10759.281809075259
2021-08-17,-10759.281809075259
2021-08-18,-10759.281809075259
2021-08-19,-10759.281809075259
2021-08-20,-10759.281809075259
2021-08-23,-10759.281809075259
2021-08-24,-10759.281809075259
2021-08-25,-10759.281809075259
2021-08-26,-10759.281809075259
2021-08-27,-10759.281809075259
2021-08-30,-10759.281809075259
2021-08-31,-10759.281809075259
2021-09-01,-10759.281809075259
2021-09-02,-10759.281809075259
2021-09-03,-10759.281809075259
2021-09-07,-10759.281809075259
2021-09-08,-10759.281809075259
2021-09-09,-10759.281809075259
2021-09-10,-10759.281809075259
2021-09-13,-10759.281809075259
2021-09-14,-10759.281809075259
2021-09-15,-10759.281809075259
2021-09-16,-10759.281809075259
2021-09-17,-10759.281809075259
2021-09-20,-10759.281809075259
2021-09-21,-10759.281809075259
2021-09-22,-10759.281809075259
2021-09-23,-10759.281809075259
2021-09-24,-10759.281809075259
2021-09-27,-10759.281809075259
2021-09-28,-10759.281809075259
2021-09-29,-10759.281809075259
2021-09-30,-10759.281809075259
2021-10-01,-10759.281809075259
2021-10-04,-10759.281809075259
2021-10-05,-10759.281809075259
2021-10-06,-10759.281809075259
2021-10-07,-10759.281809075259
2021-10-08,-47813.919226529186
2021-10-11,100788.10479268705
2021-10-12,-41398.058773463694
2021-10-13,46061.65954048564
2021-10-14,-170521.3667687789
2021-10-15,680249.1386865956
2021-10-18,5198142.19201769
2021-10-19,25406307.78419045
2021-10-20,96348863.75637981
2021-10-21,-407691124.19739234
2021-10-22,6733122105.891592
2021-10-25,2206340494.3739514
2021-10-26,-62754650786.4069
2021-10-27,-18251873987.65207
2021-10-28,-7420408682.635431
2021-10-29,-6551394630.356586
2021-11-01,-29965900048.989777
2021-11-02,211244867899.23416
2021-11-03,507080158225.3516
2021-11-04,-14800693975467.64
2021-11-05,-100192791967281.42
2021-11-08,1281198311630758.5
2021-11-09,-831757246572404.0
2021-11-10,-5145131094195242.0
2021-11-11,4.5772910423625704e+16
2021-11-12,6.43513927427853e+17
2021-11-15,7.427782412149449e+18
2021-11-16,-4.0698293536937755e+19
2021-11-17,-3.637961907483773e+20
2021-11-18,9.816413426329869e+21
2021-11-19,-6.381246511901343e+22
2021-11-22,-4.9694481508891054e+23
2021-11-23,2.3818252933431395e+23
2021-11-24,-1.2337357304240267e+24
2021-11-26,-7.016760535895089e+24
2021-11-29,9.98715312361557e+25
2021-11-30,-4.954082555432367e+26
2021-12-01,-2.5697318659102073e+26
2021-12-02,1.7032762234301918e+27
2021-12-03,2.1906893263169193e+28
2021-12-06,4.161763027048457e+29
2021-12-07,-8.222570097696398e+30
2021-12-08,-1.2456895138144169e+32
2021-12-09,-1.8200399687283044e+33
2021-12-10,-7.400130538303231e+33
2021-12-13,-2.040948842998829e+35
2021-12-14,3.336272183099928e+35
2021-12-15,-4.644234239981304e+36
2021-12-16,-7.679489989333609e+37
2021-12-17,-4.753642978397084e+38
2021-12-20,3.043130985789754e+39
2021-12-21,-1.482340317990282e+40
2021-12-22,9.210813609701597e+40
2021-12-23,2.9287968940150455e+41
2021-12-27,-6.293177659904632e+41
2021-12-28,-4.864179857012536e+42
2021-12-29,-5.78666668424252e+42
2021-12-30,-3.973249914946369e+43
2021-12-31,2.0165248977109998e+44
2022-01-03,-8.971536960443732e+44
2022-01-04,-8.971536960443732e+44
2022-01-05,-8.971536960443732e+44
2022-01-06,-8.971536960443732e+44
2022-01-07,-8.971536960443732e+44
2022-01-10,-8.971536960443732e+44
2022-01-11,-8.971536960443732e+44
2022-01-12,-8.971536960443732e+44
2022-01-13,-8.971536960443732e+44
2022-01-14,-8.971536960443732e+44
2022-01-18,-8.971536960443732e+44
2022-01-19,-8.971536960443732e+44
2022-01-20,-8.971536960443732e+44
2022-01-21,-8.971536960443732e+44
2022-01-24,-8.971536960443732e+44
2022-01-25,-8.971536960443732e+44
2022-01-26,-8.971536960443732e+44
2022-01-27,-8.971536960443732e+44
2022-01-28,-8.971536960443732e+44
2022-01-31,-8.971536960443732e+44
2022-02-01,-8.971536960443732e+44
2022-02-02,-8.971536960443732e+44
2022-02-03,-8.971536960443732e+44
2022-02-04,-8.971536960443732e+44
2022-02-07,-8.971536960443732e+44
2022-02-08,-8.971536960443732e+44
2022-02-09,-8.971536960443732e+44
2022-02-10,-8.971536960443732e+44
2022-02-11,-8.971536960443732e+44
2022-02-14,-8.971536960443732e+44
2022-02-15,-8.971536960443732e+44
2022-02-16,-8.971536960443732e+44
2022-02-17,-8.971536960443732e+44
2022-02-18,-8.971536960443732e+44
2022-02-22,-8.971536960443732e+44
2022-02-23,-8.971536960443732e+44
2022-02-24,-8.971536960443732e+44
2022-02-25,-8.971536960443732e+44
2022-02-28,-8.971536960443732e+44
2022-03-01,-8.971536960443732e+44
2022-03-02,-8.971536960443732e+44
2022-03-03,-8.971536960443732e+44
2022-03-04,-8.971536960443732e+44
2022-03-07,-8.971536960443732e+44
2022-03-08,-8.971536960443732e+44
2022-03-09,-8.971536960443732e+44
2022-03-10,-8.971536960443732e+44
2022-03-11,-8.971536960443732e+44
2022-03-14,-8.971536960443732e+44
2022-03-15,-8.971536960443732e+44
2022-03-16,-8.971536960443732e+44
2022-03-17,-8.971536960443732e+44
2022-03-18,-8.971536960443732e+44
2022-03-21,-8.971536960443732e+44
2022-03-22,-8.971536960443732e+44
2022-03-23,-8.971536960443732e+44
2022-03-24,-8.971536960443732e+44
2022-03-25,-8.971536960443732e+44
2022-03-28,-8.971536960443732e+44
2022-03-29,-8.971536960443732e+44
2022-03-30,-8.971536960443732e+44
2022-03-31,-8.971536960443732e+44
2022-04-01,-8.971536960443732e+44
2022-04-04,-8.971536960443732e+44
2022-04-05,-8.971536960443732e+44
2022-04-06,-8.971536960443732e+44
2022-04-07,-8.971536960443732e+44
2022-04-08,-8.971536960443732e+44
2022-04-11,-8.971536960443732e+44
2022-04-12,-8.971536960443732e+44
2022-04-13,-8.971536960443732e+44
2022-04-14,-8.971536960443732e+44
2022-04-18,-8.971536960443732e+44
2022-04-19,-8.971536960443732e+44
2022-04-20,-8.971536960443732e+44
2022-04-21,-8.971536960443732e+44
2022-04-22,-8.971536960443732e+44
2022-04-25,-8.971536960443732e+44
2022-04-26,-8.971536960443732e+44
2022-04-27,-8.971536960443732e+44
2022-04-28,-8.971536960443732e+44
2022-04-29,-8.971536960443732e+44
2022-05-02,-8.971536960443732e+44
2022-05-03,-8.971536960443732e+44
2022-05-04,-8.971536960443732e+44
2022-05-05,-8.971536960443732e+44
2022-05-06,-8.971536960443732e+44
2022-05-09,-8.971536960443732e+44
2022-05-10,-8.971536960443732e+44
2022-05-11,-8.971536960443732e+44
2022-05-12,-8.971536960443732e+44
2022-05-13,-8.971536960443732e+44
2022-05-16,-8.971536960443732e+44
2022-05-17,-8.971536960443732e+44
2022-05-18,-8.971536960443732e+44
2022-05-19,-8.971536960443732e+44
2022-05-20,-8.971536960443732e+44
2022-05-23,-8.971536960443732e+44
2022-05-24,-8.971536960443732e+44
2022-05-25,-8.971536960443732e+44
2022-05-26,-8.971536960443732e+44
2022-05-27,-8.971536960443732e+44
2022-05-31,-8.971536960443732e+44
2022-06-01,-8.971536960443732e+44
2022-06-02,-8.971536960443732e+44
2022-06-03,-8.971536960443732e+44
2022-06-06,-8.971536960443732e+44
2022-06-07,-8.971536960443732e+44
2022-06-08,-8.971536960443732e+44
2022-06-09,-8.971536960443732e+44
2022-06-10,-8.971536960443732e+44
2022-06-13,-8.971536960443732e+44
2022-06-14,-8.971536960443732e+44
2022-06-15,-8.971536960443732e+44
2022-06-16,-8.971536960443732e+44
2022-06-17,-8.971536960443732e+44
2022-06-21,-8.971536960443732e+44
2022-06-22,-8.971536960443732e+44
2022-06-23,-8.971536960443732e+44
2022-06-24,-8.971536960443732e+44
2022-06-27,-8.971536960443732e+44
2022-06-28,-8.971536960443732e+44
2022-06-29,-8.971536960443732e+44
2022-06-30,-8.971536960443732e+44
2022-07-01,-8.971536960443732e+44
2022-07-05,-8.971536960443732e+44
2022-07-06,-8.971536960443732e+44
2022-07-07,-8.971536960443732e+44
2022-07-08,-8.971536960443732e+44
2022-07-11,-8.971536960443732e+44
2022-07-12,-8.971536960443732e+44
2022-07-13,-8.971536960443732e+44
2022-07-14,-8.971536960443732e+44
2022-07-15,-8.971536960443732e+44
2022-07-18,-8.971536960443732e+44
2022-07-19,-8.971536960443732e+44
2022-07-20,-8.971536960443732e+44
2022-07-21,-8.971536960443732e+44
2022-07-22,-8.971536960443732e+44
2022-07-25,-8.971536960443732e+44
2022-07-26,-8.971536960443732e+44
2022-07-27,-8.971536960443732e+44
2022-07-28,-8.971536960443732e+44
2022-07-29,-8.971536960443732e+44
2022-08-01,-8.971536960443732e+44
2022-08-02,-8.971536960443732e+44
2022-08-03,-8.971536960443732e+44
2022-08-04,-8.971536960443732e+44
2022-08-05,-8.971536960443732e+44
2022-08-08,-8.971536960443732e+44
2022-08-09,-8.971536960443732e+44
2022-08-10,-8.971536960443732e+44
2022-08-11,-8.971536960443732e+44
2022-08-12,-8.971536960443732e+44
2022-08-15,-8.971536960443732e+44
2022-08-16,-8.971536960443732e+44
2022-08-17,-8.971536960443732e+44
2022-08-18,-8.971536960443732e+44
2022-08-19,-8.971536960443732e+44
2022-08-22,-8.971536960443732e+44
2022-08-23,-8.971536960443732e+44
2022-08-24,-8.971536960443732e+44
2022-08-25,-8.971536960443732e+44
2022-08-26,-8.971536960443732e+44
2022-08-29,-8.971536960443732e+44
2022-08-30,-8.971536960443732e+44
2022-08-31,-8.971536960443732e+44
2022-09-01,-8.971536960443732e+44
2022-09-02,-8.971536960443732e+44
2022-09-06,-8.971536960443732e+44
2022-09-07,-8.971536960443732e+44
2022-09-08,-8.971536960443732e+44
2022-09-09,-8.971536960443732e+44
2022-09-12,-8.971536960443732e+44
2022-09-13,-8.971536960443732e+44
2022-09-14,-8.971536960443732e+44
2022-09-15,-8.971536960443732e+44
2022-09-16,-8.971536960443732e+44
2022-09-19,-8.971536960443732e+44
2022-09-20,-8.971536960443732e+44
2022-09-21,-8.971536960443732e+44
2022-09-22,-8.971536960443732e+44
2022-09-23,-8.971536960443732e+44
2022-09-26,-8.971536960443732e+44
2022-09-27,-8.971536960443732e+44
2022-09-28,-8.971536960443732e+44
2022-09-29,-8.971536960443732e+44
2022-09-30,-8.971536960443732e+44
2022-10-03,-8.971536960443732e+44
2022-10-04,-8.971536960443732e+44
2022-10-05,-8.971536960443732e+44
2022-10-06,-8.971536960443732e+44
2022-10-07,-8.971536960443732e+44
2022-10-10,-8.971536960443732e+44
2022-10-11,-8.971536960443732e+44
2022-10-12,-8.971536960443732e+44
2022-10-13,-8.971536960443732e+44
2022-10-14,-8.971536960443732e+44
2022-10-17,-8.971536960443732e+44
2022-10-18,-8.971536960443732e+44
2022-10-19,-8.971536960443732e+44
2022-10-20,-8.971536960443732e+44
2022-10-21,-8.971536960443732e+44
2022-10-24,-8.971536960443732e+44
2022-10-25,-8.971536960443732e+44
2022-10-26,-8.971536960443732e+44
2022-10-27,-8.971536960443732e+44
2022-10-28,-8.971536960443732e+44
2022-10-31,-8.971536960443732e+44
2022-11-01,-8.971536960443732e+44
2022-11-02,-8.971536960443732e+44
2022-11-03,-8.971536960443732e+44
2022-11-04,-8.971536960443732e+44
2022-11-07,-8.971536960443732e+44
2022-11-08,-8.971536960443732e+44
2022-11-09,-8.971536960443732e+44
2022-11-10,-8.971536960443732e+44
2022-11-11,-8.971536960443732e+44
2022-11-14,-8.971536960443732e+44
2022-11-15,-8.971536960443732e+44
2022-11-16,-8.971536960443732e+44
2022-11-17,-8.971536960443732e+44
2022-11-18,-8.971536960443732e+44
2022-11-21,-8.971536960443732e+44
2022-11-22,-8.971536960443732e+44
2022-11-23,-8.971536960443732e+44
2022-11-25,-8.971536960443732e+44
2022-11-28,-8.971536960443732e+44
2022-11-29,-8.971536960443732e+44
2022-11-30,-8.971536960443732e+44
2022-12-01,-8.971536960443732e+44
2022-12-02,-8.971536960443732e+44
2022-12-05,-8.971536960443732e+44
2022-12-06,-8.971536960443732e+44
2022-12-07,-8.971536960443732e+44
2022-12-08,-8.971536960443732e+44
2022-12-09,-8.971536960443732e+44
2022-12-12,-8.971536960443732e+44
2022-12-13,-8.971536960443732e+44
2022-12-14,-8.971536960443732e+44
2022-12-15,-8.971536960443732e+44
2022-12-16,-8.971536960443732e+44
2022-12-19,-8.971536960443732e+44
2022-12-20,-8.971536960443732e+44
2022-12-21,-8.971536960443732e+44
2022-12-22,-8.971536960443732e+44
2022-12-23,-8.971536960443732e+44
2022-12-27,-8.971536960443732e+44
2022-12-28,-8.971536960443732e+44
2022-12-29,-8.971536960443732e+44
2022-12-30,-8.971536960443732e+44
2023-01-03,-8.971536960443732e+44
2023-01-04,-8.971536960443732e+44
2023-01-05,-8.971536960443732e+44
2023-01-06,-8.971536960443732e+44
2023-01-09,-8.971536960443732e+44
2023-01-10,-8.971536960443732e+44
2023-01-11,-8.971536960443732e+44
2023-01-12,-8.971536960443732e+44
2023-01-13,-8.971536960443732e+44
2023-01-17,-8.971536960443732e+44
2023-01-18,-8.971536960443732e+44
2023-01-19,-8.971536960443732e+44
2023-01-20,-8.971536960443732e+44
2023-01-23,-8.971536960443732e+44
2023-01-24,-8.971536960443732e+44
2023-01-25,-8.971536960443732e+44
2023-01-26,-8.971536960443732e+44
2023-01-27,-8.971536960443732e+44
2023-01-30,-8.971536960443732e+44
2023-01-31,-8.971536960443732e+44
2023-02-01,-8.971536960443732e+44
2023-02-02,-8.971536960443732e+44
2023-02-03,-8.971536960443732e+44
2023-02-06,-8.971536960443732e+44
2023-02-07,-8.971536960443732e+44
2023-02-08,-8.971536960443732e+44
2023-02-09,-8.971536960443732e+44
2023-02-10,-8.971536960443732e+44
2023-02-13,-8.971536960443732e+44
2023-02-14,-8.971536960443732e+44
2023-02-15,-8.971536960443732e+44
2023-02-16,-8.971536960443732e+44
2023-02-17,-8.971536960443732e+44
2023-02-21,-8.971536960443732e+44
2023-02-22,-8.971536960443732e+44
2023-02-23,-8.971536960443732e+44
2023-02-24,-8.971536960443732e+44
2023-02-27,-8.971536960443732e+44
2023-02-28,-8.971536960443732e+44
2023-03-01,-8.971536960443732e+44
2023-03-02,-8.971536960443732e+44
2023-03-03,-8.971536960443732e+44
2023-03-06,-8.971536960443732e+44
2023-03-07,-8.971536960443732e+44
2023-03-08,-8.971536960443732e+44
2023-03-09,-8.971536960443732e+44
2023-03-10,-8.971536960443732e+44
2023-03-13,-8.971536960443732e+44
2023-03-14,-8.971536960443732e+44
2023-03-15,-8.971536960443732e+44
2023-03-16,-8.971536960443732e+44
2023-03-17,-8.971536960443732e+44
2023-03-20,-8.971536960443732e+44
2023-03-21,-8.971536960443732e+44
2023-03-22,-8.971536960443732e+44
2023-03-23,-8.971536960443732e+44
2023-03-24,-8.971536960443732e+44
2023-03-27,-8.971536960443732e+44
2023-03-28,-8.971536960443732e+44
2023-03-29,-8.971536960443732e+44
2023-03-30,-8.971536960443732e+44
2023-03-31,-8.971536960443732e+44
2023-04-03,-8.971536960443732e+44
2023-04-04,-8.971536960443732e+44
2023-04-05,-8.971536960443732e+44
2023-04-06,-8.971536960443732e+44
2023-04-10,-8.971536960443732e+44
2023-04-11,-8.971536960443732e+44
2023-04-12,-8.971536960443732e+44
2023-04-13,-8.971536960443732e+44
2023-04-14,-8.971536960443732e+44
2023-04-17,-8.971536960443732e+44
2023-04-18,-8.971536960443732e+44
2023-04-19,-8.971536960443732e+44
2023-04-20,-8.971536960443732e+44
2023-04-21,-8.971536960443732e+44
2023-04-24,-8.971536960443732e+44
2023-04-25,-8.971536960443732e+44
2023-04-26,-8.971536960443732e+44
2023-04-27,-8.971536960443732e+44
2023-04-28,-8.971536960443732e+44
2023-05-01,-8.971536960443732e+44
2023-05-02,-8.971536960443732e+44
2023-05-03,-8.971536960443732e+44
2023-05-04,-8.971536960443732e+44
2023-05-05,-8.971536960443732e+44
2023-05-08,-8.971536960443732e+44
2023-05-09,-8.971536960443732e+44
2023-05-10,-8.971536960443732e+44
2023-05-11,-8.971536960443732e+44
2023-05-12,-8.971536960443732e+44
2023-05-15,-8.971536960443732e+44
2023-05-16,-8.971536960443732e+44
2023-05-17,-8.971536960443732e+44
2023-05-18,-8.971536960443732e+44
2023-05-19,-8.971536960443732e+44
2023-05-22,-8.971536960443732e+44
2023-05-23,-8.971536960443732e+44
2023-05-24,-8.971536960443732e+44
2023-05-25,-8.971536960443732e+44
2023-05-26,-8.971536960443732e+44
2023-05-30,-8.971536960443732e+44
2023-05-31,-8.971536960443732e+44
2023-06-01,-8.971536960443732e+44
2023-06-02,-8.971536960443732e+44
2023-06-05,-8.971536960443732e+44
2023-06-06,-8.971536960443732e+44
2023-06-07,-8.971536960443732e+44
2023-06-08,-8.971536960443732e+44
2023-06-09,-8.971536960443732e+44
2023-06-12,-8.971536960443732e+44
2023-06-13,-8.971536960443732e+44
2023-06-14,-8.971536960443732e+44
2023-06-15,-8.971536960443732e+44
2023-06-16,-8.971536960443732e+44
2023-06-20,-8.971536960443732e+44
2023-06-21,-8.971536960443732e+44
2023-06-22,-8.971536960443732e+44
2023-06-23,-8.971536960443732e+44
2023-06-26,-8.971536960443732e+44
2023-06-27,-8.971536960443732e+44
2023-06-28,-8.971536960443732e+44
2023-06-29,-8.971536960443732e+44
2023-06-30,-8.971536960443732e+44
2023-07-03,-8.971536960443732e+44
2023-07-05,-8.971536960443732e+44
2023-07-06,-8.971536960443732e+44
2023-07-07,-8.971536960443732e+44
2023-07-10,1.0
2023-07-11,1.0
2023-07-12,1.0
2023-07-13,1.0
2023-07-14,1.0
2023-07-17,1.0
2023-07-18,1.0
2023-07-19,1.0
2023-07-20,1.0
2023-07-21,1.0
2023-07-24,1.0
2023-07-25,1.0
2023-07-26,1.0
2023-07-27,1.0
2023-07-28,1.0
2023-07-31,1.0
2023-08-01,1.0
2023-08-02,1.0
2023-08-03,1.0
2023-08-04,1.0
2023-08-07,1.0
2023-08-08,1.0
2023-08-09,1.0
2023-08-10,1.0
2023-08-11,1.0
2023-08-14,1.0
2023-08-15,1.0
2023-08-16,1.0
2023-08-17,1.0
2023-08-18,1.0
2023-08-21,1.0
2023-08-22,1.0
2023-08-23,1.0
2023-08-24,1.0
2023-08-25,1.0
2023-08-28,1.0
2023-08-29,1.0
2023-08-30,1.0
2023-08-31,1.0
2023-09-01,1.0
2023-09-05,1.0
2023-09-06,1.0
2023-09-07,1.0
2023-09-08,1.0
2023-09-11,1.0
2023-09-12,1.0
2023-09-13,1.0
2023-09-14,1.0
2023-09-15,1.0
2023-09-18,1.0
2023-09-19,1.0
2023-09-20,1.0
2023-09-21,1.0
2023-09-22,1.0
2023-09-25,1.0
2023-09-26,1.0
2023-09-27,1.0
2023-09-28,1.0
2023-09-29,1.0
2023-10-02,1.0
2023-10-03,1.0
2023-10-04,1.0
2023-10-05,1.0
2023-10-06,1.0
2023-10-09,1.0
2023-10-10,1.0
2023-10-11,1.0
2023-10-12,1.0
2023-10-13,1.0
2023-10-16,1.0
2023-10-17,1.0
2023-10-18,1.0
2023-10-19,1.0
2023-10-20,1.0
2023-10-23,1.0
2023-10-24,1.0
2023-10-25,1.0
2023-10-26,1.0
2023-10-27,1.0
2023-10-30,1.0
2023-10-31,1.0
2023-11-01,1.0
2023-11-02,1.0
2023-11-03,1.0
2023-11-06,1.0
2023-11-07,1.0
2023-11-08,1.0
2023-11-09,1.0
2023-11-10,1.0
2023-11-13,1.0
2023-11-14,1.0
2023-11-15,1.0
2023-11-16,1.0
2023-11-17,1.0
2023-11-20,1.0
2023-11-21,1.0
2023-11-22,1.0
2023-11-24,1.0
2023-11-27,1.0
2023-11-28,1.0
2023-11-29,1.0
2023-11-30,1.0
2023-12-01,1.0
2023-12-04,1.0
2023-12-05,1.0
2023-12-06,1.0
2023-12-07,1.0
2023-12-08,1.0
2023-12-11,1.0
2023-12-12,1.0
2023-12-13,1.0
2023-12-14,1.0
2023-12-15,1.0
2023-12-18,1.0
2023-12-19,1.0
2023-12-20,1.0
2023-12-21,1.0
2023-12-22,1.0
2023-12-26,1.0
2023-12-27,1.0
2023-12-28,1.0
2023-12-29,1.0
2024-01-02,1.0
2024-01-03,1.0
2024-01-04,1.0
2024-01-05,1.0
2024-01-08,1.0
2024-01-09,1.0
2024-01-10,1.0
2024-01-11,1.0
2024-01-12,1.0
2024-01-16,1.0
2024-01-17,1.0
2024-01-18,1.0
2024-01-19,1.0
2024-01-22,1.0
2024-01-23,1.0
2024-01-24,1.0
2024-01-25,1.0
2024-01-26,1.0
2024-01-29,1.0
2024-01-30,1.0
2024-01-31,1.0
2024-02-01,1.0
2024-02-02,1.0
2024-02-05,1.0
2024-02-06,1.0
2024-02-07,1.0
2024-02-08,1.0
2024-02-09,1.0
2024-02-12,1.0
2024-02-13,1.0
2024-02-14,1.0
2024-02-15,1.0
2024-02-16,1.0
2024-02-20,1.0
2024-02-21,1.0
2024-02-22,1.0
2024-02-23,1.0
2024-02-26,1.0
2024-02-27,1.0
2024-02-28,1.0
2024-02-29,1.0
2024-03-01,1.0
2024-03-04,1.0
2024-03-05,1.0
2024-03-06,1.0
2024-03-07,1.0
2024-03-08,1.0
2024-03-11,1.0
2024-03-12,1.0
2024-03-13,2.3305215278926426
2024-03-14,30.387278045370497
2024-03-15,-185.72373040591245
2024-03-18,-1949.4618806258948
2024-03-19,9323.797268714445
2024-03-20,46735.21685700413
2024-03-21,-115085.72152511837
2024-03-22,1434645.665441891
2024-03-25,-13395989.03726263
2024-03-26,-93458445.07754888
2024-03-27,-1060820632.4392458
2024-03-28,8272850960.358862
2024-04-01,55416267973.35274
2024-04-02,657261534817.2682
2024-04-03,8496233196734.376
2024-04-04,182904785302208.4
2024-04-05,1109806301446201.5
2024-04-08,-2618270453716952.0
2024-04-09,-2.1431525717339016e+16
2024-04-10,-2.1431525717339016e+16
2024-04-11,-2.1431525717339016e+16
2024-04-12,-2.1431525717339016e+16
2024-04-15,-2.1431525717339016e+16
2024-04-16,-2.1431525717339016e+16
2024-04-17,-2.1431525717339016e+16
2024-04-18,-2.1431525717339016e+16
2024-04-19,-2.1431525717339016e+16
2024-04-22,-2.1431525717339016e+16
2024-04-23,-2.1431525717339016e+16
2024-04-24,-2.1431525717339016e+16
2024-04-25,-2.1431525717339016e+16
2024-04-26,5.2321544473634726e+17
2024-04-29,-5.088239288169389e+18
2024-04-30,-2.9596081777302925e+19
2024-05-01,-8.273778795585082e+20
2024-05-02,9.417469643494469e+21
2024-05-03,-4.414071041878877e+22
2024-05-06,1.4547905612205715e+23
2024-05-07,1.7506073468206799e+24
2024-05-08,1.0668954020216265e+25
2024-05-09,1.3565338302817674e+26
2024-05-10,-5.803233677908792e+26
2024-05-13,5.762723593888586e+27
2024-05-14,-1.7558039677222457e+27
2024-05-15,1.209743359453007e+28
2024-05-16,-7.029514825212041e+28
2024-05-17,-6.853727399167237e+29
2024-05-20,9.846941407457951e+30
2024-05-21,-6.330252846324818e+31
2024-05-22,-4.092530129635969e+32
2024-05-23,1.9787227034120497e+34
2024-05-24,-1.8272099263315634e+34
2024-05-28,6.776629776187542e+35
2024-05-29,-6.419238092099681e+36
2024-05-30,-1.08363372800436e+38
2024-05-31,-5.875016377955581e+38
2024-06-03,1.0062547768921651e+40
2024-06-04,-7.233116435879362e+40
2024-06-05,9.522692624921031e+41
2024-06-06,7.071053362488005e+42
2024-06-07,5.61043730027132e+42
2024-06-10,3.229174637533791e+43
2024-06-11,3.3900104140117217e+44
2024-06-12,-6.983667401011628e+45
2024-06-13,1.907733831535931e+47
2024-06-14,-2.020902178294241e+48
2024-06-17,-1.6723630821138064e+49
2024-06-18,5.138676048647013e+50
2024-06-20,1.4846485710676107e+52
2024-06-21,2.471702209289966e+53
2024-06-24,1.2455615607150167e+55
2024-06-25,-3.746778210409071e+56
2024-06-26,-6.924935768503585e+56
2024-06-27,-1.406340430625659e+58
2024-06-28,1.6673991700680896e+59
2024-07-01,-4.3523165282968615e+59
2024-07-02,-6.320057664864794e+60
2024-07-03,1.8056573592665782e+62
2024-07-05,7.92992253927862e+63
2024-07-08,-1.76231651932466e+65
2024-07-09,2.704237074752209e+66
2024-07-10,2.704237074752209e+66
2024-07-11,2.704237074752209e+66
2024-07-12,2.704237074752209e+66
2024-07-15,2.704237074752209e+66
2024-07-16,2.704237074752209e+66
2024-07-17,2.704237074752209e+66
2024-07-18,2.704237074752209e+66
2024-07-19,2.704237074752209e+66
2024-07-22,2.704237074752209e+66
2024-07-23,2.704237074752209e+66
2024-07-24,2.704237074752209e+66
2024-07-25,2.704237074752209e+66
2024-07-26,2.704237074752209e+66
2024-07-29,2.704237074752209e+66
2024-07-30,2.704237074752209e+66
2024-07-31,2.704237074752209e+66
2024-08-01,2.704237074752209e+66
2024-08-02,2.704237074752209e+66
2024-08-05,2.704237074752209e+66
2024-08-06,2.704237074752209e+66
2024-08-07,2.704237074752209e+66
2024-08-08,2.704237074752209e+66
2024-08-09,2.704237074752209e+66
2024-08-12,2.704237074752209e+66
2024-08-13,2.704237074752209e+66
2024-08-14,2.704237074752209e+66
2024-08-15,2.704237074752209e+66
2024-08-16,2.704237074752209e+66
2024-08-19,2.704237074752209e+66
2024-08-20,2.704237074752209e+66
2024-08-21,2.704237074752209e+66
2024-08-22,2.704237074752209e+66
2024-08-23,2.704237074752209e+66
2024-08-26,2.704237074752209e+66
2024-08-27,2.704237074752209e+66
2024-08-28,2.704237074752209e+66
2024-08-29,2.704237074752209e+66
2024-08-30,2.704237074752209e+66
2024-09-03,2.704237074752209e+66
2024-09-04,2.704237074752209e+66
2024-09-05,2.704237074752209e+66
2024-09-06,2.704237074752209e+66
2024-09-09,2.704237074752209e+66
2024-09-10,2.704237074752209e+66
2024-09-11,2.704237074752209e+66
2024-09-12,2.704237074752209e+66
2024-09-13,2.704237074752209e+66
2024-09-16,2.704237074752209e+66
2024-09-17,2.704237074752209e+66
2024-09-18,2.704237074752209e+66
2024-09-19,2.704237074752209e+66
2024-09-20,2.704237074752209e+66
2024-09-23,2.704237074752209e+66
2024-09-24,2.704237074752209e+66
2024-09-25,2.704237074752209e+66
2024-09-26,2.704237074752209e+66
2024-09-27,2.704237074752209e+66
2024-09-30,2.704237074752209e+66
2024-10-01,2.704237074752209e+66
2024-10-02,2.704237074752209e+66
2024-10-03,2.704237074752209e+66
2024-10-04,2.704237074752209e+66
2024-10-07,2.704237074752209e+66
2024-10-08,2.704237074752209e+66
2024-10-09,2.704237074752209e+66
2024-10-10,2.704237074752209e+66
2024-10-11,2.704237074752209e+66
2024-10-14,2.704237074752209e+66
2024-10-15,2.704237074752209e+66
2024-10-16,2.704237074752209e+66
2024-10-17,2.704237074752209e+66
2024-10-18,2.704237074752209e+66
2024-10-21,2.704237074752209e+66
2024-10-22,2.704237074752209e+66
2024-10-23,2.704237074752209e+66
2024-10-24,2.704237074752209e+66
2024-10-25,2.704237074752209e+66
2024-10-28,2.704237074752209e+66
2024-10-29,2.704237074752209e+66
2024-10-30,2.704237074752209e+66
2024-10-31,2.704237074752209e+66
2024-11-01,2.704237074752209e+66
2024-11-04,2.704237074752209e+66
2024-11-05,2.704237074752209e+66
2024-11-06,2.704237074752209e+66
2024-11-07,2.704237074752209e+66
2024-11-08,2.704237074752209e+66
2024-11-11,2.704237074752209e+66
2024-11-12,2.704237074752209e+66
2024-11-13,2.704237074752209e+66
2024-11-14,2.704237074752209e+66
2024-11-15,2.704237074752209e+66
2024-11-18,2.704237074752209e+66
2024-11-19,2.704237074752209e+66
2024-11-20,2.704237074752209e+66
2024-11-21,2.704237074752209e+66
2024-11-22,2.704237074752209e+66
2024-11-25,2.704237074752209e+66
2024-11-26,2.704237074752209e+66
2024-11-27,2.704237074752209e+66
2024-11-29,2.704237074752209e+66
2024-12-02,2.704237074752209e+66
2024-12-03,2.704237074752209e+66
2024-12-04,2.704237074752209e+66
2024-12-05,2.704237074752209e+66
2024-12-06,2.704237074752209e+66
2024-12-09,2.704237074752209e+66
2024-12-10,2.704237074752209e+66
2024-12-11,2.704237074752209e+66
2024-12-12,2.704237074752209e+66
2024-12-13,2.704237074752209e+66
2024-12-16,2.704237074752209e+66
2024-12-17,2.704237074752209e+66
2024-12-18,2.704237074752209e+66
2024-12-19,2.704237074752209e+66
2024-12-20,2.704237074752209e+66
2024-12-23,2.704237074752209e+66
2024-12-24,2.704237074752209e+66
2024-12-26,2.704237074752209e+66
2024-12-27,2.704237074752209e+66
2024-12-30,2.704237074752209e+66
2024-12-31,2.704237074752209e+66
2025-01-02,2.704237074752209e+66
2025-01-03,2.704237074752209e+66
2025-01-06,2.704237074752209e+66
2025-01-07,2.704237074752209e+66
2025-01-08,2.704237074752209e+66
2025-01-10,2.704237074752209e+66
2025-01-13,2.704237074752209e+66
2025-01-14,-9.33630417529605e+66
2025-01-15,1.2654704459116412e+65
2025-01-16,-3.984534100996545e+65
2025-01-17,1.2393289252520681e+65
2025-01-21,-2.1056645246634683e+64
2025-01-22,-1.3614979771638268e+65
2025-01-23,2.633672047972076e+65
2025-01-24,-4.737637968118937e+65
2025-01-27,9.696349239218937e+66
2025-01-28,8.408771565714384e+67
2025-01-29,-2.4586565630984213e+68
2025-01-30,-4.413449751332752e+67
2025-01-31,8.646439920706381e+67
2025-02-03,-1.212600075944737e+68
2025-02-04,-1.905164284177051e+68
2025-02-05,-7.196123133894149e+68
2025-02-06,1.5195506408019764e+69
2025-02-07,4.656019944194972e+69
2025-02-10,4.116313137169343e+70
2025-02-11,-1.4569346082531035e+71
2025-02-12,1.2488465575205914e+71
2025-02-13,4.563797786503396e+71
2025-02-14,1.7095603112971864e+72
2025-02-18,-3.149161504447968e+72
2025-02-19,-4.866217778797324e+72
2025-02-20,-6.812382736925914e+73
2025-02-21,8.75540192049344e+73
2025-02-24,3.009744657604973e+73
2025-02-25,5.3887819849104297e+73
2025-02-26,1.9214133654449224e+74
2025-02-27,-1.6661663542521974e+75
2025-02-28,7.947373662619521e+74
2025-03-03,-3.3541205683345857e+75
2025-03-04,-4.3067572611393034e+76
2025-03-05,-3.653359535363322e+76
2025-03-06,-7.980417644155539e+75
2025-03-07,-5.5756515622828226e+76
2025-03-10,-3.3854514295760473e+77
2025-03-11,-1.874710012349246e+78
2025-03-12,-1.5249803569174772e+79
2025-03-13,-5.386423007151269e+79
2025-03-14,5.299904948270892e+79
2025-03-17,-1.206887185529337e+80
2025-03-18,4.2150498260626827e+80
2025-03-19,-5.508549967592793e+80
2025-03-20,-1.0757776491124982e+81
2025-03-21,2.454014143604289e+81
2025-03-24,-5.375216671501454e+81
2025-03-25,1.414239779545153e+82
2025-03-26,-6.738420706583948e+82
2025-03-27,-1.2756639529345327e+83
2025-03-28,-5.993512260251653e+83
2025-03-31,1.5001840995125708e+84
2025-04-01,6.168490177684717e+84
2025-04-02,-5.537712733789032e+84
2025-04-03,-5.85260074416188e+85
2025-04-04,-6.736133629381303e+86
2025-04-07,2.039052336988614e+86
2025-04-08,-5.179870426014436e+86
2025-04-09,5.427858442020824e+86
2025-04-10,1.3250598252748065e+87
2025-04-11,-6.837179187798274e+87
2025-04-14,-1.5586316573378386e+88
2025-04-15,-5.977851198398931e+88
2025-04-16,1.2175998436120932e+89
2025-04-17,-4.706717754440961e+89
2025-04-21,-3.133329056738333e+88
2025-04-22,1.2099045287569377e+89
2025-04-23,-1.2186920030352952e+89
2025-04-24,-5.160297544974806e+88
2025-04-25,-3.07266242072944e+89
2025-04-28,1.85026209787788e+89
2025-04-29,-2.612228254130349e+88
2025-04-30,-2.3912181181021866e+88
2025-05-01,-2.457425336253339e+88
2025-05-02,5.211979055596859e+88
2025-05-05,1.955303915374081e+88
2025-05-06,7.901985256421619e+88
2025-05-07,3.033910937376995e+89
2025-05-08,-8.429782916994236e+89
2025-05-09,-6.55063812266492e+89
2025-05-12,3.4756888279682834e+89
2025-05-13,1.3664767217192495e+90
2025-05-14,4.061687390955549e+90
2025-05-15,-5.132610819440165e+90
2025-05-16,-7.251942459446967e+90
2025-05-19,-2.754333274398923e+91
2025-05-20,2.2009845858074748e+91
2025-05-21,7.511070973023088e+91
2025-05-22,1.680869891397439e+92
2025-05-23,-5.756879365363296e+91
2025-05-27,-1.4879353572153767e+90
2025-05-28,-3.2718950216655838e+90
2025-05-29,-1.254492090457889e+91
2025-05-30,2.594920137460801e+91
2025-06-02,5.838439348232963e+91
2025-06-03,1.5496999409053442e+92
2025-06-04,5.613801756707805e+92
2025-06-05,9.067988289062236e+92
2025-06-06,-1.1607006069652838e+93
2025-06-09,-8.933251017019267e+92
2025-06-10,-2.5288276591174483e+92
2025-06-11,-1.2594248448617249e+92
2025-06-12,-3.459562649923128e+92
2025-06-13,-5.862871788399767e+92
2025-06-16,1.2057522816442416e+93
2025-06-17,1.6273436792699304e+93
2025-06-18,-3.656093601776694e+93
2025-06-20,5.15196261869376e+93
2025-06-23,-1.013820912497411e+94
2025-06-24,-1.2112063234756e+94
2025-06-25,-4.421498648144517e+94
2025-06-26,1.345991051474761e+95
2025-06-27,6.641262866001921e+95
2025-06-30,-1.0426926326096475e+96
2025-07-01,3.611277349602344e+96
2025-07-02,9.99362972341512e+96
2025-07-03,-2.603815485282354e+97
2025-07-07,-1.0623012711594575e+98
2025-07-08,-1.23595365020823e+99
2025-07-09,-3.7803131453777465e+99
2025-07-10,1.124047832484336e+100
2025-07-11,3.391712865518555e+100
2025-07-14,1.0
2025-07-15,1.0
2025-07-16,1.0
2025-07-17,1.0
2025-07-18,1.0
2025-07-21,1.0
2025-07-22,1.0
2025-07-23,1.0
2025-07-24,1.0
2025-07-25,1.0
2025-07-28,1.0
2025-07-29,1.0
2025-07-30,1.0
2025-07-31,1.0
2025-08-01,1.0
2025-08-04,1.0
2025-08-05,1.0
2025-08-06,1.0
2025-08-07,1.0
2025-08-08,1.0
2025-08-11,1.0
2025-08-12,1.0
2025-08-13,1.0
2025-08-14,1.0
2025-08-15,1.0
2025-08-18,1.0
2025-08-19,1.0
2025-08-20,1.0
2025-08-21,1.0
2025-08-22,1.0
2025-08-25,1.0
2025-08-26,1.0
2025-08-27,1.0
2025-08-28,1.0
2025-08-29,1.0
2025-09-02,1.0
2025-09-03,1.0
2025-09-04,1.0
2025-09-05,1.0
2025-09-08,1.0
2025-09-09,1.0
2025-09-10,1.0
2025-09-11,1.0
2025-09-12,1.0
2025-09-15,1.0
2025-09-16,1.0
2025-09-17,1.0
2025-09-18,1.0
2025-09-19,1.0
2025-09-22,1.0
2025-09-23,1.0
2025-09-24,1.0
2025-09-25,1.0
2025-09-26,1.0
2025-09-29,1.0
2025-09-30,1.0
2025-10-01,1.0
2025-10-02,1.0
2025-10-03,1.0
2025-10-06,1.0
2025-10-07,1.0
2025-10-08,1.0
2025-10-09,1.0
2025-10-10,1.0
2025-10-13,1.0
2025-10-14,1.0
2025-10-15,1.0
2025-10-16,1.0
2025-10-17,1.0
2025-10-20,1.0
2025-10-21,1.0
2025-10-22,1.0
2025-10-23,1.0
2025-10-24,1.0
2025-10-27,1.0
2025-10-28,1.0
2025-10-29,1.0
2025-10-30,1.0
2025-10-31,1.0
2025-11-03,1.0
2025-11-04,1.0
2025-11-05,1.0
2025-11-06,1.0
2025-11-07,1.0
2025-11-10,1.0
2025-11-11,1.0
2025-11-12,1.0
2025-11-13,1.0
2025-11-14,1.0
2025-11-17,1.0
2025-11-18,1.0
2025-11-19,1.0
2025-11-20,1.0
2025-11-21,1.0
2025-11-24,1.0
2025-11-25,1.0
2025-11-26,1.0
2025-11-28,1.0
2025-12-01,1.0
2025-12-02,1.0
2025-12-03,1.0
2025-12-04,1.0
2025-12-05,1.0
2025-12-08,1.0
2025-12-09,1.0
2025-12-10,1.0
2025-12-11,1.0
2025-12-12,1.0
2025-12-15,1.0
2025-12-16,1.0
2025-12-17,1.0
2025-12-18,1.0
2025-12-19,1.0
2025-12-22,1.0
2025-12-23,1.0
2025-12-24,1.0
2025-12-26,1.0
2025-12-29,1.0
2025-12-30,1.0
2025-12-31,1.0
2026-01-02,1.0
