Date,spread,z,position,pnl,cost,net_pnl,beta,train_mean_spread,train_std_spread,is_train,is_trade,window,asset_A,asset_B
2020-01-06,62.85063874315107,0.4733717121228575,0.0,0.0,0.0,0.0,0.15295832219684502,59.02547107832151,8.08068493927409,0,1,5,AMZN,META
2020-01-07,62.97976747837673,0.48935163662134384,0.0,0.0,0.0,0.0,0.15295832219684502,59.02547107832151,8.08068493927409,0,1,5,AMZN,META
2020-01-08,61.90717435117185,0.3566162144058557,0.0,-0.0,0.0,-0.0,0.15295832219684502,59.02547107832151,8.08068493927409,0,1,5,AMZN,META
2020-01-09,61.89332473199033,0.35490229791417305,0.0,-0.0,0.0,-0.0,0.15295832219684502,59.02547107832151,8.08068493927409,0,1,5,AMZN,META
2020-01-10,61.03527576769697,0.24871712045192182,0.0,-0.0,0.0,-0.0,0.15295832219684502,59.02547107832151,8.08068493927409,0,1,5,AMZN,META
2020-01-13,60.857477365527046,0.22671423288656414,0.0,-0.0,0.0,-0.0,0.15295832219684502,59.02547107832151,8.08068493927409,0,1,5,AMZN,META
2020-01-14,60.19738705538239,0.14502681219076963,0.0,-0.0,0.0,-0.0,0.15295832219684502,59.02547107832151,8.08068493927409,0,1,5,AMZN,META
2020-01-15,59.50891511779299,0.05982711157587937,0.0,-0.0,0.0,-0.0,0.15295832219684502,59.02547107832151,8.08068493927409,0,1,5,AMZN,META
2020-01-16,60.210745130295386,0.14667989915225602,0.0,0.0,0.0,0.0,0.15295832219684502,59.02547107832151,8.08068493927409,0,1,5,AMZN,META
2020-01-17,59.49354262418915,0.0579247365025585,0.0,-0.0,0.0,-0.0,0.15295832219684502,59.02547107832151,8.08068493927409,0,1,5,AMZN,META
2020-01-21,60.963869197131075,0.23988042268403276,0.0,0.0,0.0,0.0,0.15295832219684502,59.02547107832151,8.08068493927409,0,1,5,AMZN,META
2020-01-22,60.75509770570705,0.21404455691362712,0.0,-0.0,0.0,-0.0,0.15295832219684502,59.02547107832151,8.08068493927409,0,1,5,AMZN,META
2020-01-23,60.84805271635279,0.2255479147780025,0.0,0.0,0.0,0.0,0.15295832219684502,59.02547107832151,8.08068493927409,0,1,5,AMZN,META
2020-01-24,59.97751225471177,0.11781689096218922,0.0,-0.0,0.0,-0.0,0.15295832219684502,59.02547107832151,8.08068493927409,0,1,5,AMZN,META
2020-01-27,58.77883163426324,-0.030522096321258612,0.0,-0.0,0.0,-0.0,0.15295832219684502,59.02547107832151,8.08068493927409,0,1,5,AMZN,META
2020-01-28,59.58079410196039,0.06872227141784473,0.0,0.0,0.0,0.0,0.15295832219684502,59.02547107832151,8.08068493927409,0,1,5,AMZN,META
2020-01-29,58.99197071966391,-0.0041457325597212755,0.0,-0.0,0.0,-0.0,0.15295832219684502,59.02547107832151,8.08068493927409,0,1,5,AMZN,META
2020-01-30,61.70696309579587,0.33183969398951074,0.0,0.0,0.0,0.0,0.15295832219684502,59.02547107832151,8.08068493927409,0,1,5,AMZN,META
2020-01-31,69.76641802416405,1.3292124401038008,0.0,0.0,0.0,0.0,0.15295832219684502,59.02547107832151,8.08068493927409,0,1,5,AMZN,META
2020-02-03,69.19409329275688,1.2583861752873688,0.0,-0.0,0.0,-0.0,0.15295832219684502,59.02547107832151,8.08068493927409,0,1,5,AMZN,META
2020-02-04,70.61089358833595,1.4337178837039521,0.0,0.0,0.0,0.0,0.15295832219684502,59.02547107832151,8.08068493927409,0,1,5,AMZN,META
2020-02-05,70.07836399383228,1.3678163421260285,0.0,-0.0,0.0,-0.0,0.15295832219684502,59.02547107832151,8.08068493927409,0,1,5,AMZN,META
2020-02-06,70.48395594702865,1.418009111209883,0.0,0.0,0.0,0.0,0.15295832219684502,59.02547107832151,8.08068493927409,0,1,5,AMZN,META
2020-02-07,71.71164842758895,1.5699383708934804,0.0,0.0,0.0,0.0,0.15295832219684502,59.02547107832151,8.08068493927409,0,1,5,AMZN,META
2020-02-10,74.33226839390407,1.8942450337579448,0.0,0.0,0.0,0.0,0.15295832219684502,59.02547107832151,8.08068493927409,0,1,5,AMZN,META
2020-02-11,76.06840834490598,2.109095626752091,-1.0,0.0,0.0,0.0,0.15295832219684502,59.02547107832151,8.08068493927409,0,1,5,AMZN,META
2020-02-12,75.98613077996671,2.0989136229296954,-1.0,0.08227756493926108,0.0,0.08227756493926108,0.15295832219684502,59.02547107832151,8.08068493927409,0,1,5,AMZN,META
2020-02-13,75.118114325524,1.9914949497645114,-1.0,0.86801645444271,0.0,0.86801645444271,0.15295832219684502,59.02547107832151,8.08068493927409,0,1,5,AMZN,META
2020-02-14,74.21014499383989,1.879132032696533,-1.0,0.9079693316841144,0.0,0.9079693316841144,0.15295832219684502,59.02547107832151,8.08068493927409,0,1,5,AMZN,META
2020-02-18,74.70027222414674,1.9397862017416245,-1.0,-0.4901272303068538,0.0,-0.4901272303068538,0.15295832219684502,59.02547107832151,8.08068493927409,0,1,5,AMZN,META
2020-02-19,75.47486542585216,2.03564357120058,-1.0,-0.7745932017054145,0.0,-0.7745932017054145,0.15295832219684502,59.02547107832151,8.08068493927409,0,1,5,AMZN,META
2020-02-20,75.06088173456145,1.9844123087021934,-1.0,0.41398369129071,0.0,0.41398369129071,0.15295832219684502,59.02547107832151,8.08068493927409,0,1,5,AMZN,META
2020-02-21,72.87273078283482,1.713624501954317,-1.0,2.1881509517266267,0.0,2.1881509517266267,0.15295832219684502,59.02547107832151,8.08068493927409,0,1,5,AMZN,META
2020-02-24,69.97567954728386,1.355108948220674,-1.0,2.8970512355509612,0.0,2.8970512355509612,0.15295832219684502,59.02547107832151,8.08068493927409,0,1,5,AMZN,META
2020-02-25,68.74817327356354,1.2032027319846783,-1.0,1.2275062737203228,0.0,1.2275062737203228,0.15295832219684502,59.02547107832151,8.08068493927409,0,1,5,AMZN,META
2020-02-26,69.02535621657685,1.237504643901345,-1.0,-0.27718294301331525,0.0,-0.27718294301331525,0.15295832219684502,59.02547107832151,8.08068493927409,0,1,5,AMZN,META
2020-02-27,65.39249132069853,0.7879307620857426,-1.0,3.6328648958783276,0.0,3.6328648958783276,0.15295832219684502,59.02547107832151,8.08068493927409,0,1,5,AMZN,META
2020-02-28,64.95183059880138,0.7333981667415748,-1.0,0.4406607218971459,0.0,0.4406607218971459,0.15295832219684502,59.02547107832151,8.08068493927409,0,1,5,AMZN,META
2020-03-02,67.8588008047803,1.0931412117711292,-1.0,-2.906970205978922,0.0,-2.906970205978922,0.15295832219684502,59.02547107832151,8.08068493927409,0,1,5,AMZN,META
2020-03-03,67.2133191397958,1.013261638463265,-1.0,0.6454816649845014,0.0,0.6454816649845014,0.15295832219684502,59.02547107832151,8.08068493927409,0,1,5,AMZN,META
2020-03-04,69.66367677663331,1.3164980169697669,-1.0,-2.4503576368375093,0.0,-2.4503576368375093,0.15295832219684502,59.02547107832151,8.08068493927409,0,1,5,AMZN,META
2020-03-05,68.0746850153424,1.119857289948221,-1.0,1.588991761290913,0.0,1.588991761290913,0.15295832219684502,59.02547107832151,8.08068493927409,0,1,5,AMZN,META
2020-03-06,67.54742024866836,1.0546072807427636,-1.0,0.5272647666740369,0.0,0.5272647666740369,0.15295832219684502,59.02547107832151,8.08068493927409,0,1,5,AMZN,META
2020-03-09,64.28391690215877,0.6507425872131128,-1.0,3.2635033465095944,0.0,3.2635033465095944,0.15295832219684502,59.02547107832151,8.08068493927409,0,1,5,AMZN,META
2020-03-10,67.52442661066515,1.051761774677868,-1.0,-3.24050970850638,0.0,-3.24050970850638,0.15295832219684502,59.02547107832151,8.08068493927409,0,1,5,AMZN,META
2020-03-11,65.18400572793934,0.7621302768142655,-1.0,2.340420882725809,0.0,2.340420882725809,0.15295832219684502,59.02547107832151,8.08068493927409,0,1,5,AMZN,META
2020-03-12,60.366925446164075,0.16600750776988868,0.0,4.817080281775262,0.0,4.817080281775262,0.15295832219684502,59.02547107832151,8.08068493927409,0,1,5,AMZN,META
2020-03-13,63.384935833590674,0.5394919846560419,0.0,0.0,0.0,0.0,0.15295832219684502,59.02547107832151,8.08068493927409,0,1,5,AMZN,META
2020-03-16,62.278978708773344,0.40262770481732296,0.0,-0.0,0.0,-0.0,0.15295832219684502,59.02547107832151,8.08068493927409,0,1,5,AMZN,META
2020-03-17,67.69550488606299,1.0729330338821916,0.0,0.0,0.0,0.0,0.15295832219684502,59.02547107832151,8.08068493927409,0,1,5,AMZN,META
2020-03-18,69.1771757286844,1.2562925948298203,0.0,0.0,0.0,0.0,0.15295832219684502,59.02547107832151,8.08068493927409,0,1,5,AMZN,META
2020-03-19,70.78647340879205,1.455446217598364,0.0,0.0,0.0,0.0,0.15295832219684502,59.02547107832151,8.08068493927409,0,1,5,AMZN,META
2020-03-20,69.56091807588234,1.3037814339668168,0.0,-0.0,0.0,-0.0,0.15295832219684502,59.02547107832151,8.08068493927409,0,1,5,AMZN,META
2020-03-23,72.64551703971303,1.6855063727574369,0.0,0.0,0.0,0.0,0.15295832219684502,59.02547107832151,8.08068493927409,0,1,5,AMZN,META
2020-03-24,72.55257797253562,1.6740049879273333,0.0,-0.0,0.0,-0.0,0.15295832219684502,59.02547107832151,8.08068493927409,0,1,5,AMZN,META
2020-03-25,70.56412302794298,1.4279299386541884,0.0,-0.0,0.0,-0.0,0.15295832219684502,59.02547107832151,8.08068493927409,0,1,5,AMZN,META
2020-03-26,72.96360130897882,1.7248699009306279,0.0,0.0,0.0,0.0,0.15295832219684502,59.02547107832151,8.08068493927409,0,1,5,AMZN,META
2020-03-27,71.18902285659225,1.5052624709018074,0.0,-0.0,0.0,-0.0,0.15295832219684502,59.02547107832151,8.08068493927409,0,1,5,AMZN,META
2020-03-30,72.990152220183,1.728155626262541,0.0,0.0,0.0,0.0,0.15295832219684502,59.02547107832151,8.08068493927409,0,1,5,AMZN,META
2020-03-31,72.14953321166476,1.624127438697322,0.0,-0.0,0.0,-0.0,0.15295832219684502,59.02547107832151,8.08068493927409,0,1,5,AMZN,META
2020-04-01,71.1421956928191,1.499467521077003,0.0,-0.0,0.0,-0.0,0.15295832219684502,59.02547107832151,8.08068493927409,0,1,5,AMZN,META
2020-04-02,71.91286708619668,1.594839559359542,0.0,0.0,0.0,0.0,0.15295832219684502,59.02547107832151,8.08068493927409,0,1,5,AMZN,META
2020-04-03,71.90997946733512,1.5944822110798769,0.0,-0.0,0.0,-0.0,0.15295832219684502,59.02547107832151,8.08068493927409,0,1,5,AMZN,META
2020-04-06,74.73290437360683,1.943824491775862,0.0,0.0,0.0,0.0,0.15295832219684502,59.02547107832151,8.08068493927409,0,1,5,AMZN,META
2020-04-07,74.93518635224835,1.968857268101342,0.0,0.0,0.0,0.0,0.15295832219684502,59.02547107832151,8.08068493927409,0,1,5,AMZN,META
2020-04-08,75.6773448737741,2.060700784721905,-1.0,0.0,0.0,0.0,0.15295832219684502,59.02547107832151,8.08068493927409,0,1,5,AMZN,META
2020-04-09,75.52711746175956,2.0421098591823625,-1.0,0.15022741201454437,0.0,0.15022741201454437,0.15295832219684502,59.02547107832151,8.08068493927409,0,1,5,AMZN,META
2020-04-13,81.89337129237828,2.8299457763676967,-1.0,-6.366253830618717,0.0,-6.366253830618717,0.15295832219684502,59.02547107832151,8.08068493927409,0,1,5,AMZN,META
2020-04-14,87.10246237323076,3.4745806210619925,-1.0,-5.209091080852488,0.0,-5.209091080852488,0.15295832219684502,59.02547107832151,8.08068493927409,0,1,5,AMZN,META
2020-04-15,88.50274220487947,3.6478678909124733,-1.0,-1.400279831648703,0.0,-1.400279831648703,0.15295832219684502,59.02547107832151,8.08068493927409,0,1,5,AMZN,META
2020-04-16,93.63760894954109,4.2833173340289745,-1.0,-5.134866744661622,0.0,-5.134866744661622,0.15295832219684502,59.02547107832151,8.08068493927409,0,1,5,AMZN,META
2020-04-17,91.52392978593303,4.021745551501597,-1.0,2.1136791636080545,0.0,2.1136791636080545,0.15295832219684502,59.02547107832151,8.08068493927409,0,1,5,AMZN,META
2020-04-20,92.60632470666691,4.155693964150775,-1.0,-1.0823949207338757,0.0,-1.0823949207338757,0.15295832219684502,59.02547107832151,8.08068493927409,0,1,5,AMZN,META
2020-04-21,90.46194589679092,3.890323042503553,-1.0,2.144378809875988,0.0,2.144378809875988,0.15295832219684502,59.02547107832151,8.08068493927409,0,1,5,AMZN,META
2020-04-22,90.48666489009935,3.8933820645411883,-1.0,-0.024718993308425752,0.0,-0.024718993308425752,0.15295832219684502,59.02547107832151,8.08068493927409,0,1,5,AMZN,META
2020-04-23,91.85176636713379,4.062315946667902,-1.0,-1.3651014770344432,0.0,-1.3651014770344432,0.15295832219684502,59.02547107832151,8.08068493927409,0,1,5,AMZN,META
2020-04-24,91.63988954429973,4.036095790279391,-1.0,0.21187682283405707,0.0,0.21187682283405707,0.15295832219684502,59.02547107832151,8.08068493927409,0,1,5,AMZN,META
2020-04-27,90.31926661968308,3.872666212893183,-1.0,1.3206229246166572,0.0,1.3206229246166572,0.15295832219684502,59.02547107832151,8.08068493927409,0,1,5,AMZN,META
2020-04-28,87.92047078111017,3.575810704158499,-1.0,2.3987958385729087,0.0,2.3987958385729087,0.15295832219684502,59.02547107832151,8.08068493927409,0,1,5,AMZN,META
2020-04-29,89.13856763450096,3.7265524868841866,-1.0,-1.21809685339079,0.0,-1.21809685339079,0.15295832219684502,59.02547107832151,8.08068493927409,0,1,5,AMZN,META
2020-04-30,92.60510532370498,4.1555430632096915,-1.0,-3.466537689204017,0.0,-3.466537689204017,0.15295832219684502,59.02547107832151,8.08068493927409,0,1,5,AMZN,META
2020-05-01,83.57774298186017,3.0383899493728137,-1.0,9.027362341844807,0.0,9.027362341844807,0.15295832219684502,59.02547107832151,8.08068493927409,0,1,5,AMZN,META
2020-05-04,84.62106616683373,3.167503161039161,-1.0,-1.0433231849735591,0.0,-1.0433231849735591,0.15295832219684502,59.02547107832151,8.08068493927409,0,1,5,AMZN,META
2020-05-05,84.43662803517378,3.14467859442804,-1.0,0.18443813165994527,0.0,0.18443813165994527,0.15295832219684502,59.02547107832151,8.08068493927409,0,1,5,AMZN,META
2020-05-06,85.89697819981122,3.3253996812680646,-1.0,-1.4603501646374326,0.0,-1.4603501646374326,0.15295832219684502,59.02547107832151,8.08068493927409,0,1,5,AMZN,META
2020-05-07,86.29068222096697,3.374121296343324,-1.0,-0.39370402115575587,0.0,-0.39370402115575587,0.15295832219684502,59.02547107832151,8.08068493927409,0,1,5,AMZN,META
2020-05-08,86.72510965967784,3.427882511138303,-1.0,-0.43442743871086975,0.0,-0.43442743871086975,0.15295832219684502,59.02547107832151,8.08068493927409,0,1,5,AMZN,META
2020-05-11,88.06853622321873,3.594134081845077,-1.0,-1.3434265635408877,0.0,-1.3434265635408877,0.15295832219684502,59.02547107832151,8.08068493927409,0,1,5,AMZN,META
2020-05-12,85.93388730724399,3.329967252917021,-1.0,2.1346489159747364,0.0,2.1346489159747364,0.15295832219684502,59.02547107832151,8.08068493927409,0,1,5,AMZN,META
2020-05-13,87.24187155701185,3.491832770456349,-1.0,-1.3079842497678555,0.0,-1.3079842497678555,0.15295832219684502,59.02547107832151,8.08068493927409,0,1,5,AMZN,META
2020-05-14,88.02862348327159,3.58919480500814,-1.0,-0.7867519262597398,0.0,-0.7867519262597398,0.15295832219684502,59.02547107832151,8.08068493927409,0,1,5,AMZN,META
2020-05-15,88.45690097502963,3.6421949522699775,-1.0,-0.4282774917580383,0.0,-0.4282774917580383,0.15295832219684502,59.02547107832151,8.08068493927409,0,1,5,AMZN,META
2020-05-18,88.9300234078539,3.7007447455585116,-1.0,-0.4731224328242689,0.0,-0.4731224328242689,0.15295832219684502,59.02547107832151,8.08068493927409,0,1,5,AMZN,META
2020-05-19,89.52302133086948,3.774129356822524,-1.0,-0.592997923015588,0.0,-0.592997923015588,0.15295832219684502,59.02547107832151,8.08068493927409,0,1,5,AMZN,META
2020-05-20,89.96518601942279,3.8288480708766106,-1.0,-0.44216468855330504,0.0,-0.44216468855330504,0.15295832219684502,59.02547107832151,8.08068493927409,0,1,5,AMZN,META
2020-05-21,87.18949036531667,3.485350499202264,-1.0,2.7756956541061157,0.0,2.7756956541061157,0.15295832219684502,59.02547107832151,8.08068493927409,0,1,5,AMZN,META
2020-05-22,86.16181220193424,3.3581733884616054,-1.0,1.0276781633824328,0.0,1.0276781633824328,0.15295832219684502,59.02547107832151,8.08068493927409,0,1,5,AMZN,META
2020-05-26,85.8224530601779,3.3161770546970053,-1.0,0.33935914175633286,0.0,0.33935914175633286,0.15295832219684502,59.02547107832151,8.08068493927409,0,1,5,AMZN,META
2020-05-27,85.71375936305728,3.30272600470094,-1.0,0.10869369712062849,0.0,0.10869369712062849,0.15295832219684502,59.02547107832151,8.08068493927409,0,1,5,AMZN,META
2020-05-28,85.80824206212564,3.3144184168885698,-1.0,-0.09448269906836515,0.0,-0.09448269906836515,0.15295832219684502,59.02547107832151,8.08068493927409,0,1,5,AMZN,META
2020-05-29,87.9279409061225,3.5767351462161305,-1.0,-2.119698843996858,0.0,-2.119698843996858,0.15295832219684502,59.02547107832151,8.08068493927409,0,1,5,AMZN,META
2020-06-01,88.32550616582162,3.6259345968427543,-1.0,-0.39756525969912104,0.0,-0.39756525969912104,0.15295832219684502,59.02547107832151,8.08068493927409,0,1,5,AMZN,META
2020-06-02,88.27096356524711,3.6191848471638113,-1.0,0.054542600574507105,0.0,0.054542600574507105,0.15295832219684502,59.02547107832151,8.08068493927409,0,1,5,AMZN,META
2020-06-03,88.9593216143025,3.704370453857842,-1.0,-0.6883580490553811,0.0,-0.6883580490553811,0.15295832219684502,59.02547107832151,8.08068493927409,0,1,5,AMZN,META
2020-06-04,88.65716708516479,3.666978261066218,-1.0,0.30215452913770946,0.0,0.30215452913770946,0.15295832219684502,59.02547107832151,8.08068493927409,0,1,5,AMZN,META
2020-06-05,89.09666447395922,3.721366891745082,-1.0,-0.439497388794436,0.0,-0.439497388794436,0.15295832219684502,59.02547107832151,8.08068493927409,0,1,5,AMZN,META
2020-06-08,91.05397356804383,3.963587583282208,-1.0,-1.9573090940846072,0.0,-1.9573090940846072,0.15295832219684502,59.02547107832151,8.08068493927409,0,1,5,AMZN,META
2020-06-09,93.78967831776097,4.302136205122537,-1.0,-2.7357047497171436,0.0,-2.7357047497171436,0.15295832219684502,59.02547107832151,8.08068493927409,0,1,5,AMZN,META
2020-06-10,96.41385524167467,4.6268830481976275,-1.0,-2.6241769239136943,0.0,-2.6241769239136943,0.15295832219684502,59.02547107832151,8.08068493927409,0,1,5,AMZN,META
2020-06-11,93.80769663994273,4.304366006471947,-1.0,2.6061586017319343,0.0,2.6061586017319343,0.15295832219684502,59.02547107832151,8.08068493927409,0,1,5,AMZN,META
2020-06-12,92.53032154278729,4.146288429291938,-1.0,1.277375097155442,0.0,1.277375097155442,0.15295832219684502,59.02547107832151,8.08068493927409,0,1,5,AMZN,META
2020-06-15,93.31788521529005,4.243750918972114,-1.0,-0.7875636725027562,0.0,-0.7875636725027562,0.15295832219684502,59.02547107832151,8.08068493927409,0,1,5,AMZN,META
2020-06-16,94.96891100569096,4.4480684740814,-1.0,-1.651025790400908,0.0,-1.651025790400908,0.15295832219684502,59.02547107832151,8.08068493927409,0,1,5,AMZN,META
2020-06-17,96.27263116707336,4.6094063026417,-1.0,-1.303720161382401,0.0,-1.303720161382401,0.15295832219684502,59.02547107832151,8.08068493927409,0,1,5,AMZN,META
2020-06-18,96.8603609664279,4.682138973667894,-1.0,-0.5877297993545483,0.0,-0.5877297993545483,0.15295832219684502,59.02547107832151,8.08068493927409,0,1,5,AMZN,META
2020-06-19,97.47895437219888,4.7586910741915105,-1.0,-0.6185934057709801,0.0,-0.6185934057709801,0.15295832219684502,59.02547107832151,8.08068493927409,0,1,5,AMZN,META
2020-06-22,99.35413159253036,4.990747791465273,-1.0,-1.87517722033148,0.0,-1.87517722033148,0.15295832219684502,59.02547107832151,8.08068493927409,0,1,5,AMZN,META
2020-06-23,101.4249094954719,5.24701046208086,-1.0,-2.070777902941529,0.0,-2.070777902941529,0.15295832219684502,59.02547107832151,8.08068493927409,0,1,5,AMZN,META
2020-06-24,101.1729992127113,5.215836089530304,-1.0,0.2519102827605906,0.0,0.2519102827605906,0.15295832219684502,59.02547107832151,8.08068493927409,0,1,5,AMZN,META
2020-06-25,101.92985733005304,5.309498708853974,-1.0,-0.7568581173417357,0.0,-0.7568581173417357,0.15295832219684502,59.02547107832151,8.08068493927409,0,1,5,AMZN,META
2020-06-26,101.82153088419676,5.2960931068944435,-1.0,0.10832644585627804,0.0,0.10832644585627804,0.15295832219684502,59.02547107832151,8.08068493927409,0,1,5,AMZN,META
2020-06-29,100.50438081103083,5.133093301424457,-1.0,1.3171500731659336,0.0,1.3171500731659336,0.15295832219684502,59.02547107832151,8.08068493927409,0,1,5,AMZN,META
2020-06-30,103.4496791514135,5.497579525366664,-1.0,-2.945298340382678,0.0,-2.945298340382678,0.15295832219684502,59.02547107832151,8.08068493927409,0,1,5,AMZN,META
2020-07-01,107.85179886379564,6.042350141405257,-1.0,-4.402119712382131,0.0,-4.402119712382131,0.15295832219684502,59.02547107832151,8.08068493927409,0,1,5,AMZN,META
2020-07-02,109.05913847177177,6.19176069472459,-1.0,-1.207339607976138,0.0,-1.207339607976138,0.15295832219684502,59.02547107832151,8.08068493927409,0,1,5,AMZN,META
2020-07-06,116.35412952079278,7.094529594123895,-1.0,-7.294991049021007,0.0,-7.294991049021007,0.15295832219684502,59.02547107832151,8.08068493927409,0,1,5,AMZN,META
2021-07-07,129.37769753920568,-0.1778290774112773,0.0,0.0,0.0,0.0,10.758530793168788,132.11773695834813,15.408275513938445,0,1,8,META,NVDA
2021-07-08,129.60577489437767,-0.16302681385065562,0.0,0.0,0.0,0.0,10.758530793168788,132.11773695834813,15.408275513938445,0,1,8,META,NVDA
2021-07-09,132.75930837978854,0.04163810679916989,0.0,0.0,0.0,0.0,10.758530793168788,132.11773695834813,15.408275513938445,0,1,8,META,NVDA
2021-07-12,130.51826939328163,-0.10380574799688737,0.0,-0.0,0.0,-0.0,10.758530793168788,132.11773695834813,15.408275513938445,0,1,8,META,NVDA
2021-07-13,132.27350065927885,0.01010909370031805,0.0,0.0,0.0,0.0,10.758530793168788,132.11773695834813,15.408275513938445,0,1,8,META,NVDA
2021-07-14,132.229481348753,0.00725223210759666,0.0,-0.0,0.0,-0.0,10.758530793168788,132.11773695834813,15.408275513938445,0,1,8,META,NVDA
2021-07-15,138.4768614643037,0.412708385192299,0.0,0.0,0.0,0.0,10.758530793168788,132.11773695834813,15.408275513938445,0,1,8,META,NVDA
2021-07-16,143.84382204393935,0.7610251435979136,0.0,0.0,0.0,0.0,10.758530793168788,132.11773695834813,15.408275513938445,0,1,8,META,NVDA
2021-07-19,133.02105576166304,0.058625561471675004,0.0,-0.0,0.0,-0.0,10.758530793168788,132.11773695834813,15.408275513938445,0,1,8,META,NVDA
2021-07-20,139.4989759803813,0.47904381092848647,0.0,0.0,0.0,0.0,10.758530793168788,132.11773695834813,15.408275513938445,0,1,8,META,NVDA
2021-07-21,135.4711402849667,0.21763651121016503,0.0,-0.0,0.0,-0.0,10.758530793168788,132.11773695834813,15.408275513938445,0,1,8,META,NVDA
2021-07-22,138.42155993695863,0.4091193055905582,0.0,0.0,0.0,0.0,10.758530793168788,132.11773695834813,15.408275513938445,0,1,8,META,NVDA
2021-07-23,157.27895490568986,1.6329678116529454,0.0,0.0,0.0,0.0,10.758530793168788,132.11773695834813,15.408275513938445,0,1,8,META,NVDA
2021-07-26,162.76442695689636,1.988975987015873,0.0,0.0,0.0,0.0,10.758530793168788,132.11773695834813,15.408275513938445,0,1,8,META,NVDA
2021-07-27,159.06984547927624,1.7491969491684531,0.0,-0.0,0.0,-0.0,10.758530793168788,132.11773695834813,15.408275513938445,0,1,8,META,NVDA
2021-07-28,161.3352154410701,1.8962198888702113,0.0,0.0,0.0,0.0,10.758530793168788,132.11773695834813,15.408275513938445,0,1,8,META,NVDA
2021-07-29,144.77213881947395,0.8212730782025899,0.0,-0.0,0.0,-0.0,10.758530793168788,132.11773695834813,15.408275513938445,0,1,8,META,NVDA
2021-07-30,144.51592071174213,0.8046444744694824,0.0,-0.0,0.0,-0.0,10.758530793168788,132.11773695834813,15.408275513938445,0,1,8,META,NVDA
2021-08-02,137.5017336098702,0.34942240269857994,0.0,-0.0,0.0,-0.0,10.758530793168788,132.11773695834813,15.408275513938445,0,1,8,META,NVDA
2021-08-03,136.098914775392,0.2583791945725823,0.0,-0.0,0.0,-0.0,10.758530793168788,132.11773695834813,15.408275513938445,0,1,8,META,NVDA
2021-08-04,138.79855300816297,0.4335862273342217,0.0,0.0,0.0,0.0,10.758530793168788,132.11773695834813,15.408275513938445,0,1,8,META,NVDA
2021-08-05,138.9237686732623,0.4417127477216621,0.0,0.0,0.0,0.0,10.758530793168788,132.11773695834813,15.408275513938445,0,1,8,META,NVDA
2021-08-06,142.36911000835593,0.6653160530997988,0.0,0.0,0.0,0.0,10.758530793168788,132.11773695834813,15.408275513938445,0,1,8,META,NVDA
2021-08-09,141.24443301921997,0.5923243034313448,0.0,-0.0,0.0,-0.0,10.758530793168788,132.11773695834813,15.408275513938445,0,1,8,META,NVDA
2021-08-10,144.62144444403899,0.8114929846873457,0.0,0.0,0.0,0.0,10.758530793168788,132.11773695834813,15.408275513938445,0,1,8,META,NVDA
2021-08-11,146.00367216290314,0.9011998255089407,0.0,0.0,0.0,0.0,10.758530793168788,132.11773695834813,15.408275513938445,0,1,8,META,NVDA
2021-08-12,146.46365157804323,0.9310525766960532,0.0,0.0,0.0,0.0,10.758530793168788,132.11773695834813,15.408275513938445,0,1,8,META,NVDA
2021-08-13,143.95208606986546,0.768051499391472,0.0,-0.0,0.0,-0.0,10.758530793168788,132.11773695834813,15.408275513938445,0,1,8,META,NVDA
2021-08-16,149.8634574606841,1.1517006225831723,0.0,0.0,0.0,0.0,10.758530793168788,132.11773695834813,15.408275513938445,0,1,8,META,NVDA
2021-08-17,147.09109971906312,0.9717740799202332,0.0,-0.0,0.0,-0.0,10.758530793168788,132.11773695834813,15.408275513938445,0,1,8,META,NVDA
2021-08-18,148.59898732541203,1.0696362712462422,0.0,0.0,0.0,0.0,10.758530793168788,132.11773695834813,15.408275513938445,0,1,8,META,NVDA
2021-08-19,140.13450042946997,0.5202894680764117,0.0,-0.0,0.0,-0.0,10.758530793168788,132.11773695834813,15.408275513938445,0,1,8,META,NVDA
2021-08-20,133.4272589973942,0.08498822842708574,0.0,-0.0,0.0,-0.0,10.758530793168788,132.11773695834813,15.408275513938445,0,1,8,META,NVDA
2021-08-23,125.12086339553369,-0.4540984198059684,0.0,-0.0,0.0,-0.0,10.758530793168788,132.11773695834813,15.408275513938445,0,1,8,META,NVDA
2021-08-24,129.0370794225089,-0.19993525771605328,0.0,0.0,0.0,0.0,10.758530793168788,132.11773695834813,15.408275513938445,0,1,8,META,NVDA
2021-08-25,127.38853595193947,-0.3069260412776619,0.0,-0.0,0.0,-0.0,10.758530793168788,132.11773695834813,15.408275513938445,0,1,8,META,NVDA
2021-08-26,124.96289270493747,-0.4643507475536981,0.0,-0.0,0.0,-0.0,10.758530793168788,132.11773695834813,15.408275513938445,0,1,8,META,NVDA
2021-08-27,127.05847419519506,-0.32834711182159376,0.0,0.0,0.0,0.0,10.758530793168788,132.11773695834813,15.408275513938445,0,1,8,META,NVDA
2021-08-30,134.4745349992444,0.15295663935683795,0.0,0.0,0.0,0.0,10.758530793168788,132.11773695834813,15.408275513938445,0,1,8,META,NVDA
2021-08-31,136.41360771745144,0.27880282613179075,0.0,0.0,0.0,0.0,10.758530793168788,132.11773695834813,15.408275513938445,0,1,8,META,NVDA
2021-09-01,138.4638325733119,0.4118628076985663,0.0,0.0,0.0,0.0,10.758530793168788,132.11773695834813,15.408275513938445,0,1,8,META,NVDA
2021-09-02,132.22392932838767,0.006891904934038492,0.0,-0.0,0.0,-0.0,10.758530793168788,132.11773695834813,15.408275513938445,0,1,8,META,NVDA
2021-09-03,128.39799802309216,-0.241411761614145,0.0,-0.0,0.0,-0.0,10.758530793168788,132.11773695834813,15.408275513938445,0,1,8,META,NVDA
2021-09-07,136.22017374733738,0.26624892482472523,0.0,0.0,0.0,0.0,10.758530793168788,132.11773695834813,15.408275513938445,0,1,8,META,NVDA
2021-09-08,135.11001419747615,0.19419935971557475,0.0,-0.0,0.0,-0.0,10.758530793168788,132.11773695834813,15.408275513938445,0,1,8,META,NVDA
2021-09-09,137.27638570910827,0.3347972812462746,0.0,0.0,0.0,0.0,10.758530793168788,132.11773695834813,15.408275513938445,0,1,8,META,NVDA
2021-09-10,134.72987024898984,0.16952794543936808,0.0,-0.0,0.0,-0.0,10.758530793168788,132.11773695834813,15.408275513938445,0,1,8,META,NVDA
2021-09-13,136.06510501169208,0.2561849345030942,0.0,0.0,0.0,0.0,10.758530793168788,132.11773695834813,15.408275513938445,0,1,8,META,NVDA
2021-09-14,135.1187135284067,0.19476394794108193,0.0,-0.0,0.0,-0.0,10.758530793168788,132.11773695834813,15.408275513938445,0,1,8,META,NVDA
2021-09-15,131.46397776784727,-0.04242909532020429,0.0,-0.0,0.0,-0.0,10.758530793168788,132.11773695834813,15.408275513938445,0,1,8,META,NVDA
2021-09-16,131.67272964168794,-0.02888105915925752,0.0,0.0,0.0,0.0,10.758530793168788,132.11773695834813,15.408275513938445,0,1,8,META,NVDA
2021-09-17,127.06246052344994,-0.3280883983626297,0.0,-0.0,0.0,-0.0,10.758530793168788,132.11773695834813,15.408275513938445,0,1,8,META,NVDA
2021-09-20,126.55460215001918,-0.361048503013624,0.0,-0.0,0.0,-0.0,10.758530793168788,132.11773695834813,15.408275513938445,0,1,8,META,NVDA
2021-09-21,126.8943483891598,-0.33899890772742297,0.0,0.0,0.0,0.0,10.758530793168788,132.11773695834813,15.408275513938445,0,1,8,META,NVDA
2021-09-22,105.26151194750946,-1.7429740911982214,0.0,-0.0,0.0,-0.0,10.758530793168788,132.11773695834813,15.408275513938445,0,1,8,META,NVDA
2021-09-23,102.18401215874306,-1.942704410531003,0.0,-0.0,0.0,-0.0,10.758530793168788,132.11773695834813,15.408275513938445,0,1,8,META,NVDA
2021-09-24,113.44075476990784,-1.212139682441747,0.0,0.0,0.0,0.0,10.758530793168788,132.11773695834813,15.408275513938445,0,1,8,META,NVDA
2021-09-27,118.57650812188933,-0.8788283169138104,0.0,0.0,0.0,0.0,10.758530793168788,132.11773695834813,15.408275513938445,0,1,8,META,NVDA
2021-09-28,116.05385942193365,-1.0425486954645231,0.0,-0.0,0.0,-0.0,10.758530793168788,132.11773695834813,15.408275513938445,0,1,8,META,NVDA
2021-09-29,116.97510563822834,-0.9827596414940561,0.0,0.0,0.0,0.0,10.758530793168788,132.11773695834813,15.408275513938445,0,1,8,META,NVDA
2021-09-30,114.62015196659681,-1.1355965809361908,0.0,-0.0,0.0,-0.0,10.758530793168788,132.11773695834813,15.408275513938445,0,1,8,META,NVDA
2021-10-01,117.93582233967217,-0.9204089455596047,0.0,0.0,0.0,0.0,10.758530793168788,132.11773695834813,15.408275513938445,0,1,8,META,NVDA
2021-10-04,112.11604063178356,-1.2981138809771984,0.0,-0.0,0.0,-0.0,10.758530793168788,132.11773695834813,15.408275513938445,0,1,8,META,NVDA
2021-10-05,111.079860248957,-1.3653621841302164,0.0,-0.0,0.0,-0.0,10.758530793168788,132.11773695834813,15.408275513938445,0,1,8,META,NVDA
2021-10-06,109.08179309273135,-1.4950371211092568,0.0,-0.0,0.0,-0.0,10.758530793168788,132.11773695834813,15.408275513938445,0,1,8,META,NVDA
2021-10-07,100.66626045467194,-2.0412067836679673,1.0,-0.0,0.0,-0.0,10.758530793168788,132.11773695834813,15.408275513938445,0,1,8,META,NVDA
2021-10-08,104.11022986406124,-1.8176925165279583,1.0,3.4439694093892967,0.0,3.4439694093892967,10.758530793168788,132.11773695834813,15.408275513938445,0,1,8,META,NVDA
2021-10-11,101.0023059284562,-2.0193973687545164,1.0,-3.1079239356050437,0.0,-3.1079239356050437,10.758530793168788,132.11773695834813,15.408275513938445,0,1,8,META,NVDA
2021-10-12,99.59156242991918,-2.110954889079282,1.0,-1.4107434985370162,0.0,-1.4107434985370162,10.758530793168788,132.11773695834813,15.408275513938445,0,1,8,META,NVDA
2021-10-13,97.4789097861674,-2.2480664459073423,1.0,-2.1126526437517725,0.0,-2.1126526437517725,10.758530793168788,132.11773695834813,15.408275513938445,0,1,8,META,NVDA
2021-10-14,92.77688583675021,-2.553228691037481,1.0,-4.702023949417196,0.0,-4.702023949417196,10.758530793168788,132.11773695834813,15.408275513938445,0,1,8,META,NVDA
2021-10-15,87.78765474168756,-2.87703073433229,1.0,-4.9892310950626495,0.0,-4.9892310950626495,10.758530793168788,132.11773695834813,15.408275513938445,0,1,8,META,NVDA
2021-10-18,94.42918178875462,-2.445994370719822,1.0,6.641527047067058,0.0,6.641527047067058,10.758530793168788,132.11773695834813,15.408275513938445,0,1,8,META,NVDA
2021-10-19,98.31675639631433,-2.1936900421761782,1.0,3.8875746075597135,0.0,3.8875746075597135,10.758530793168788,132.11773695834813,15.408275513938445,0,1,8,META,NVDA
2021-10-20,101.10907697177137,-2.012467907815257,1.0,2.7923205754570404,0.0,2.7923205754570404,10.758530793168788,132.11773695834813,15.408275513938445,0,1,8,META,NVDA
2021-10-21,95.87767134535684,-2.351987124075517,1.0,-5.231405626414528,0.0,-5.231405626414528,10.758530793168788,132.11773695834813,15.408275513938445,0,1,8,META,NVDA
2021-10-22,78.36241823763501,-3.4887303690854723,1.0,-17.515253107721833,0.0,-17.515253107721833,10.758530793168788,132.11773695834813,15.408275513938445,0,1,8,META,NVDA
2021-10-25,77.69010284808391,-3.5323637652395665,1.0,-0.6723153895511018,0.0,-0.6723153895511018,10.758530793168788,132.11773695834813,15.408275513938445,0,1,8,META,NVDA
2021-10-26,48.247235146372475,-5.443211457122879,1.0,-29.442867701711435,0.0,-29.442867701711435,10.758530793168788,132.11773695834813,15.408275513938445,0,1,8,META,NVDA
2021-10-27,47.53808010780449,-5.489235753477554,1.0,-0.7091550385679852,0.0,-0.7091550385679852,10.758530793168788,132.11773695834813,15.408275513938445,0,1,8,META,NVDA
2021-10-28,46.944636096940485,-5.527750382212429,1.0,-0.5934440108640047,0.0,-0.5934440108640047,10.758530793168788,132.11773695834813,15.408275513938445,0,1,8,META,NVDA
2021-10-29,46.827524750457314,-5.535350930786293,1.0,-0.11711134648317056,0.0,-0.11711134648317056,10.758530793168788,132.11773695834813,15.408275513938445,0,1,8,META,NVDA
2021-11-01,50.401497429517065,-5.30339942681515,1.0,3.57397267905975,0.0,3.57397267905975,10.758530793168788,132.11773695834813,15.408275513938445,0,1,8,META,NVDA
2021-11-02,42.35198890302928,-5.825814055188464,1.0,-8.049508526487784,0.0,-8.049508526487784,10.758530793168788,132.11773695834813,15.408275513938445,0,1,8,META,NVDA
2021-11-03,43.75242666640838,-5.7349253790279,1.0,1.4004377633791023,0.0,1.4004377633791023,10.758530793168788,132.11773695834813,15.408275513938445,0,1,8,META,NVDA
2021-11-04,13.564351102051432,-7.694137202378838,1.0,-30.18807556435695,0.0,-30.18807556435695,10.758530793168788,132.11773695834813,15.408275513938445,0,1,8,META,NVDA
2021-11-05,19.333816921245614,-7.319697777670013,1.0,5.769465819194181,0.0,5.769465819194181,10.758530793168788,132.11773695834813,15.408275513938445,0,1,8,META,NVDA
2021-11-08,5.546486750337294,-8.214498117814255,1.0,-13.78733017090832,0.0,-13.78733017090832,10.758530793168788,132.11773695834813,15.408275513938445,0,1,8,META,NVDA
2021-11-09,3.897284172546108,-8.321531677559426,1.0,-1.6492025777911863,0.0,-1.6492025777911863,10.758530793168788,132.11773695834813,15.408275513938445,0,1,8,META,NVDA
2021-11-10,9.083140821704092,-7.984968598552511,1.0,5.185856649157984,0.0,5.185856649157984,10.758530793168788,132.11773695834813,15.408275513938445,0,1,8,META,NVDA
2021-11-11,-0.8132137289636034,-8.627243883785786,1.0,-9.896354550667695,0.0,-9.896354550667695,10.758530793168788,132.11773695834813,15.408275513938445,0,1,8,META,NVDA
2021-11-12,12.245624161661397,-7.779722830647044,1.0,13.058837890625,0.0,13.058837890625,10.758530793168788,132.11773695834813,15.408275513938445,0,1,8,META,NVDA
2021-11-15,22.788159755006745,-7.095510273322994,1.0,10.542535593345349,0.0,10.542535593345349,10.758530793168788,132.11773695834813,15.408275513938445,0,1,8,META,NVDA
2021-11-16,16.30896135113744,-7.516011477238266,1.0,-6.4791984038693045,0.0,-6.4791984038693045,10.758530793168788,132.11773695834813,15.408275513938445,0,1,8,META,NVDA
2021-11-17,24.24781748323045,-7.0007782102246106,1.0,7.938856132093008,0.0,7.938856132093008,10.758530793168788,132.11773695834813,15.408275513938445,0,1,8,META,NVDA
2021-11-18,-3.7354596262307496,-8.816898196146935,1.0,-27.9832771094612,0.0,-27.9832771094612,10.758530793168788,132.11773695834813,15.408275513938445,0,1,8,META,NVDA
2021-11-19,-11.236048216749339,-9.303687816681272,1.0,-7.500588590518589,0.0,-7.500588590518589,10.758530793168788,132.11773695834813,15.408275513938445,0,1,8,META,NVDA
2021-11-22,-4.448466054516871,-8.863172448423976,1.0,6.787582162232468,0.0,6.787582162232468,10.758530793168788,132.11773695834813,15.408275513938445,0,1,8,META,NVDA
2021-11-23,-5.927759775071536,-8.959178891144738,1.0,-1.479293720554665,0.0,-1.479293720554665,10.758530793168788,132.11773695834813,15.408275513938445,0,1,8,META,NVDA
2021-11-24,-12.107550811266094,-9.360248500174269,1.0,-6.179791036194558,0.0,-6.179791036194558,10.758530793168788,132.11773695834813,15.408275513938445,0,1,8,META,NVDA
2021-11-26,-7.420141131169146,-9.056034723891731,1.0,4.687409680096948,0.0,4.687409680096948,10.758530793168788,132.11773695834813,15.408275513938445,0,1,8,META,NVDA
2021-11-29,-22.653423102992292,-10.044677609855382,1.0,-15.233281971823146,0.0,-15.233281971823146,10.758530793168788,132.11773695834813,15.408275513938445,0,1,8,META,NVDA
2021-11-30,-28.613878293889456,-10.431512280971257,1.0,-5.960455190897164,0.0,-5.960455190897164,10.758530793168788,132.11773695834813,15.408275513938445,0,1,8,META,NVDA
2021-12-01,-29.095168353722556,-10.462748097036313,1.0,-0.4812900598330998,0.0,-0.4812900598330998,10.758530793168788,132.11773695834813,15.408275513938445,0,1,8,META,NVDA
2021-12-02,-36.723393835243314,-10.957821375977893,1.0,-7.628225481520758,0.0,-7.628225481520758,10.758530793168788,132.11773695834813,15.408275513938445,0,1,8,META,NVDA
2021-12-03,-24.861772824030368,-10.187999925129429,1.0,11.861621011212947,0.0,11.861621011212947,10.758530793168788,132.11773695834813,15.408275513938445,0,1,8,META,NVDA
2021-12-06,-6.86426835339239,-9.019958475302206,1.0,17.997504470637978,0.0,17.997504470637978,10.758530793168788,132.11773695834813,15.408275513938445,0,1,8,META,NVDA
2021-12-07,-27.621688572313133,-10.367118980067545,1.0,-20.757420218920743,0.0,-20.757420218920743,10.758530793168788,132.11773695834813,15.408275513938445,0,1,8,META,NVDA
2021-12-08,-13.472051670301141,-9.448804864434544,1.0,14.149636902011991,0.0,14.149636902011991,10.758530793168788,132.11773695834813,15.408275513938445,0,1,8,META,NVDA
2021-12-09,0.13865146675243523,-8.565467652250012,1.0,13.610703137053576,0.0,13.610703137053576,10.758530793168788,132.11773695834813,15.408275513938445,0,1,8,META,NVDA
2021-12-10,3.204567966088348,-8.36648909059576,1.0,3.0659164993359127,0.0,3.0659164993359127,10.758530793168788,132.11773695834813,15.408275513938445,0,1,8,META,NVDA
2021-12-13,29.784471218265253,-6.641448333884698,1.0,26.579903252176905,0.0,26.579903252176905,10.758530793168788,132.11773695834813,15.408275513938445,0,1,8,META,NVDA
2021-12-14,27.149803992506747,-6.81243873598227,1.0,-2.6346672257585055,0.0,-2.6346672257585055,10.758530793168788,132.11773695834813,15.408275513938445,0,1,8,META,NVDA
2021-12-15,12.229374288039196,-7.780777450523713,1.0,-14.920429704467551,0.0,-14.920429704467551,10.758530793168788,132.11773695834813,15.408275513938445,0,1,8,META,NVDA
2021-12-16,27.764909733737397,-6.7725182568427185,1.0,15.535535445698201,0.0,15.535535445698201,10.758530793168788,132.11773695834813,15.408275513938445,0,1,8,META,NVDA
2021-12-17,32.95496009515415,-6.435683005115697,1.0,5.190050361416752,0.0,5.190050361416752,10.758530793168788,132.11773695834813,15.408275513938445,0,1,8,META,NVDA
2021-12-20,25.553278270037595,-6.916053557837248,1.0,-7.401681825116555,0.0,-7.401681825116555,10.758530793168788,132.11773695834813,15.408275513938445,0,1,8,META,NVDA
2021-12-21,19.68217569537933,-7.29708922723109,1.0,-5.871102574658266,0.0,-5.871102574658266,10.758530793168788,132.11773695834813,15.408275513938445,0,1,8,META,NVDA
2021-12-22,12.468478679980478,-7.765259530187659,1.0,-7.21369701539885,0.0,-7.21369701539885,10.758530793168788,132.11773695834813,15.408275513938445,0,1,8,META,NVDA
2021-12-23,14.648216125682552,-7.623794157003601,1.0,2.1797374457020737,0.0,2.1797374457020737,10.758530793168788,132.11773695834813,15.408275513938445,0,1,8,META,NVDA
2021-12-27,11.499491619464777,-7.82814697399272,1.0,-3.148724506217775,0.0,-3.148724506217775,10.758530793168788,132.11773695834813,15.408275513938445,0,1,8,META,NVDA
2021-12-28,18.228782162147866,-7.391414742887706,1.0,6.7292905426830885,0.0,6.7292905426830885,10.758530793168788,132.11773695834813,15.408275513938445,0,1,8,META,NVDA
2021-12-29,18.418431158350188,-7.379106487104587,1.0,0.18964899620232245,0.0,0.18964899620232245,10.758530793168788,132.11773695834813,15.408275513938445,0,1,8,META,NVDA
2021-12-30,24.284646428301357,-6.998388004712151,1.0,5.866215269951169,0.0,5.866215269951169,10.758530793168788,132.11773695834813,15.408275513938445,0,1,8,META,NVDA
2021-12-31,18.20939332095128,-7.39267308235464,1.0,-6.075253107350079,0.0,-6.075253107350079,10.758530793168788,132.11773695834813,15.408275513938445,0,1,8,META,NVDA
2022-01-03,12.76038454817217,-7.74631478403955,1.0,-5.449008772779109,0.0,-5.449008772779109,10.758530793168788,132.11773695834813,15.408275513938445,0,1,8,META,NVDA
2024-01-08,76.51841969857992,0.1616322433624403,0.0,-0.0,0.0,-0.0,5.354896280907216,71.72753520791667,29.640648369399166,0,1,13,META,NVDA
2024-01-09,70.549759681914,-0.039735147198014915,0.0,-0.0,0.0,-0.0,5.354896280907216,71.72753520791667,29.640648369399166,0,1,13,META,NVDA
2024-01-10,77.0235711966373,0.17867476860554202,0.0,0.0,0.0,0.0,5.354896280907216,71.72753520791667,29.640648369399166,0,1,13,META,NVDA
2024-01-11,73.70299478104306,0.06664697575124029,0.0,-0.0,0.0,-0.0,5.354896280907216,71.72753520791667,29.640648369399166,0,1,13,META,NVDA
2024-01-12,79.08902471635804,0.24835791095721527,0.0,0.0,0.0,0.0,5.354896280907216,71.72753520791667,29.640648369399166,0,1,13,META,NVDA
2024-01-16,63.15930450682902,-0.28907028599055373,0.0,-0.0,0.0,-0.0,5.354896280907216,71.72753520791667,29.640648369399166,0,1,13,META,NVDA
2024-01-17,65.82377380549343,-0.19917787657162897,0.0,0.0,0.0,0.0,5.354896280907216,71.72753520791667,29.640648369399166,0,1,13,META,NVDA
2024-01-18,67.8891024851701,-0.12949894600515388,0.0,0.0,0.0,0.0,5.354896280907216,71.72753520791667,29.640648369399166,0,1,13,META,NVDA
2024-01-19,62.39926868567039,-0.3147119592659359,0.0,-0.0,0.0,-0.0,5.354896280907216,71.72753520791667,29.640648369399166,0,1,13,META,NVDA
2024-01-22,59.86847322334381,-0.4000945538295339,0.0,-0.0,0.0,-0.0,5.354896280907216,71.72753520791667,29.640648369399166,0,1,13,META,NVDA
2024-01-23,62.09274734783412,-0.3250532086885607,0.0,0.0,0.0,0.0,5.354896280907216,71.72753520791667,29.640648369399166,0,1,13,META,NVDA
2024-01-24,59.585611126816616,-0.40963760069551347,0.0,-0.0,0.0,-0.0,5.354896280907216,71.72753520791667,29.640648369399166,0,1,13,META,NVDA
2024-01-25,60.683570185473684,-0.3725952578636814,0.0,0.0,0.0,0.0,5.354896280907216,71.72753520791667,29.640648369399166,0,1,13,META,NVDA
2024-01-26,64.77323575362146,-0.234620355385842,0.0,0.0,0.0,0.0,5.354896280907216,71.72753520791667,29.640648369399166,0,1,13,META,NVDA
2024-01-29,63.93084888947607,-0.2630403431555789,0.0,-0.0,0.0,-0.0,5.354896280907216,71.72753520791667,29.640648369399166,0,1,13,META,NVDA
2024-01-30,61.32371564128647,-0.3509983802301385,0.0,-0.0,0.0,-0.0,5.354896280907216,71.72753520791667,29.640648369399166,0,1,13,META,NVDA
2024-01-31,58.14638624955978,-0.4581933832587141,0.0,-0.0,0.0,-0.0,5.354896280907216,71.72753520791667,29.640648369399166,0,1,13,META,NVDA
2024-02-01,54.72640538440504,-0.5735748291209277,0.0,-0.0,0.0,-0.0,5.354896280907216,71.72753520791667,29.640648369399166,0,1,13,META,NVDA
2024-02-02,117.61232637474347,1.5480360144280108,0.0,0.0,0.0,0.0,5.354896280907216,71.72753520791667,29.640648369399166,0,1,13,META,NVDA
2024-02-05,85.16419602033665,0.45331872113472066,0.0,-0.0,0.0,-0.0,5.354896280907216,71.72753520791667,29.640648369399166,0,1,13,META,NVDA
2024-02-06,86.44203279628908,0.49642968011332617,0.0,0.0,0.0,0.0,5.354896280907216,71.72753520791667,29.640648369399166,0,1,13,META,NVDA
2024-02-07,91.16866258283329,0.6558941333748801,0.0,0.0,0.0,0.0,5.354896280907216,71.72753520791667,29.640648369399166,0,1,13,META,NVDA
2024-02-08,94.02702338500211,0.7523279484030214,0.0,0.0,0.0,0.0,5.354896280907216,71.72753520791667,29.640648369399166,0,1,13,META,NVDA
2024-02-09,78.8130600618307,0.23904756622088869,0.0,-0.0,0.0,-0.0,5.354896280907216,71.72753520791667,29.640648369399166,0,1,13,META,NVDA
2024-02-12,78.98222321045876,0.24475470010405642,0.0,0.0,0.0,0.0,5.354896280907216,71.72753520791667,29.640648369399166,0,1,13,META,NVDA
2024-02-13,70.90521900549521,-0.027742854750451955,0.0,-0.0,0.0,-0.0,5.354896280907216,71.72753520791667,29.640648369399166,0,1,13,META,NVDA
2024-02-14,74.49043385847136,0.09321316511440046,0.0,0.0,0.0,0.0,5.354896280907216,71.72753520791667,29.640648369399166,0,1,13,META,NVDA
2024-02-15,91.81297669520359,0.6776316508657418,0.0,0.0,0.0,0.0,5.354896280907216,71.72753520791667,29.640648369399166,0,1,13,META,NVDA
2024-02-16,81.41813350654354,0.32693611077115925,0.0,-0.0,0.0,-0.0,5.354896280907216,71.72753520791667,29.640648369399166,0,1,13,META,NVDA
2024-02-20,96.77631512714703,0.8450820510758655,0.0,0.0,0.0,0.0,5.354896280907216,71.72753520791667,29.640648369399166,0,1,13,META,NVDA
2024-02-21,104.17209486992533,1.094596827224071,0.0,0.0,0.0,0.0,5.354896280907216,71.72753520791667,29.640648369399166,0,1,13,META,NVDA
2024-02-22,62.94131277937254,-0.2964247717878864,0.0,-0.0,0.0,-0.0,5.354896280907216,71.72753520791667,29.640648369399166,0,1,13,META,NVDA
2024-02-23,59.360389210925916,-0.41723601463989995,0.0,-0.0,0.0,-0.0,5.354896280907216,71.72753520791667,29.640648369399166,0,1,13,META,NVDA
2024-02-26,55.61206169915067,-0.5436950402678614,0.0,-0.0,0.0,-0.0,5.354896280907216,71.72753520791667,29.640648369399166,0,1,13,META,NVDA
2024-02-27,62.983535791229144,-0.29500027488314945,0.0,0.0,0.0,0.0,5.354896280907216,71.72753520791667,29.640648369399166,0,1,13,META,NVDA
2024-02-28,65.52660659729486,-0.2092035414793294,0.0,0.0,0.0,0.0,5.354896280907216,71.72753520791667,29.640648369399166,0,1,13,META,NVDA
2024-02-29,63.84579221856217,-0.2659099386466719,0.0,-0.0,0.0,-0.0,5.354896280907216,71.72753520791667,29.640648369399166,0,1,13,META,NVDA
2024-03-01,58.9947139573581,-0.42957296655169874,0.0,-0.0,0.0,-0.0,5.354896280907216,71.72753520791667,29.640648369399166,0,1,13,META,NVDA
2024-03-04,39.07791827130234,-1.101514937518088,0.0,-0.0,0.0,-0.0,5.354896280907216,71.72753520791667,29.640648369399166,0,1,13,META,NVDA
2024-03-05,27.24231919338274,-1.5008179126223236,0.0,-0.0,0.0,-0.0,5.354896280907216,71.72753520791667,29.640648369399166,0,1,13,META,NVDA
2024-03-06,18.434360482345937,-1.7979760112329493,0.0,-0.0,0.0,-0.0,5.354896280907216,71.72753520791667,29.640648369399166,0,1,13,META,NVDA
2024-03-07,13.196843161937977,-1.9746765089796565,0.0,-0.0,0.0,-0.0,5.354896280907216,71.72753520791667,29.640648369399166,0,1,13,META,NVDA
2024-03-08,34.5090680108641,-1.255656311333483,0.0,0.0,0.0,0.0,5.354896280907216,71.72753520791667,29.640648369399166,0,1,13,META,NVDA
2024-03-11,21.66826888686677,-1.6888721763836583,0.0,-0.0,0.0,-0.0,5.354896280907216,71.72753520791667,29.640648369399166,0,1,13,META,NVDA
2024-03-12,4.876293598805091,-2.255390664062815,1.0,-0.0,0.0,-0.0,5.354896280907216,71.72753520791667,29.640648369399166,0,1,13,META,NVDA
2024-03-13,6.206815126697734,-2.210502255708487,1.0,1.3305215278926426,0.0,1.3305215278926426,5.354896280907216,71.72753520791667,29.640648369399166,0,1,13,META,NVDA
2024-03-14,18.24564685671311,-1.8043427284275588,1.0,12.038831730015374,0.0,12.038831730015374,5.354896280907216,71.72753520791667,29.640648369399166,0,1,13,META,NVDA
2024-03-15,11.133755882845264,-2.0442798203978585,1.0,-7.111890973867844,0.0,-7.111890973867844,5.354896280907216,71.72753520791667,29.640648369399166,0,1,13,META,NVDA
2024-03-18,20.63032450315677,-1.7238897769021937,1.0,9.496568620311507,0.0,9.496568620311507,5.354896280907216,71.72753520791667,29.640648369399166,0,1,13,META,NVDA
2024-03-19,14.847570163933199,-1.9189851832899183,1.0,-5.7827543392235725,0.0,-5.7827543392235725,5.354896280907216,71.72753520791667,29.640648369399166,0,1,13,META,NVDA
2024-03-20,18.86003617001228,-1.7836147974578214,1.0,4.01246600607908,0.0,4.01246600607908,5.354896280907216,71.72753520791667,29.640648369399166,0,1,13,META,NVDA
2024-03-21,15.397530820411646,-1.9004309111422744,1.0,-3.462505349600633,0.0,-3.462505349600633,5.354896280907216,71.72753520791667,29.640648369399166,0,1,13,META,NVDA
2024-03-22,1.9316432504339218,-2.354735668654928,1.0,-13.465887569977724,0.0,-13.465887569977724,5.354896280907216,71.72753520791667,29.640648369399166,0,1,13,META,NVDA
2024-03-25,-8.40584638895831,-2.703496246040428,1.0,-10.337489639392231,0.0,-10.337489639392231,5.354896280907216,71.72753520791667,29.640648369399166,0,1,13,META,NVDA
2024-03-26,-2.429247287721182,-2.5018610109823674,1.0,5.976599101237127,0.0,5.976599101237127,5.354896280907216,71.72753520791667,29.640648369399166,0,1,13,META,NVDA
2024-03-27,7.92147261307548,-2.1526540782661896,1.0,10.350719900796662,0.0,10.350719900796662,5.354896280907216,71.72753520791667,29.640648369399166,0,1,13,META,NVDA
2024-03-28,-0.8770662797214186,-2.44949437619572,1.0,-8.798538892796898,0.0,-8.798538892796898,5.354896280907216,71.72753520791667,29.640648369399166,0,1,13,META,NVDA
2024-04-01,4.821503323295929,-2.2572391484423178,1.0,5.698569603017347,0.0,5.698569603017347,5.354896280907216,71.72753520791667,29.640648369399166,0,1,13,META,NVDA
2024-04-02,15.681947175872153,-1.8908354275375994,1.0,10.860443852576225,0.0,10.860443852576225,5.354896280907216,71.72753520791667,29.640648369399166,0,1,13,META,NVDA
2024-04-03,27.608663173479556,-1.4884583995802598,1.0,11.926715997607403,0.0,11.926715997607403,5.354896280907216,71.72753520791667,29.640648369399166,0,1,13,META,NVDA
2024-04-04,48.1364133030911,-0.7959043814028343,1.0,20.527750129611547,0.0,20.527750129611547,5.354896280907216,71.72753520791667,29.640648369399166,0,1,13,META,NVDA
2024-04-05,53.20408561473948,-0.6249340217638657,1.0,5.06767231164838,0.0,5.06767231164838,5.354896280907216,71.72753520791667,29.640648369399166,0,1,13,META,NVDA
2024-04-08,49.84487171380465,-0.7382653449883221,1.0,-3.359213900934833,0.0,-3.359213900934833,5.354896280907216,71.72753520791667,29.640648369399166,0,1,13,META,NVDA
2024-04-09,57.030246791048626,-0.4958490864876439,0.0,7.185375077243975,0.0,7.185375077243975,5.354896280907216,71.72753520791667,29.640648369399166,0,1,13,META,NVDA
2024-04-10,50.92461561641613,-0.7018375351389868,0.0,-0.0,0.0,-0.0,5.354896280907216,71.72753520791667,29.640648369399166,0,1,13,META,NVDA
2024-04-11,35.09028168683358,-1.2360476418898847,0.0,-0.0,0.0,-0.0,5.354896280907216,71.72753520791667,29.640648369399166,0,1,13,META,NVDA
2024-04-12,36.902326912790045,-1.1749138500991758,0.0,0.0,0.0,0.0,5.354896280907216,71.72753520791667,29.640648369399166,0,1,13,META,NVDA
2024-04-15,36.9954894167638,-1.171770784441073,0.0,0.0,0.0,0.0,5.354896280907216,71.72753520791667,29.640648369399166,0,1,13,META,NVDA
2024-04-16,28.96031529893901,-1.4428570986702942,0.0,-0.0,0.0,-0.0,5.354896280907216,71.72753520791667,29.640648369399166,0,1,13,META,NVDA
2024-04-17,41.49344711657045,-1.0200211451028758,0.0,0.0,0.0,0.0,5.354896280907216,71.72753520791667,29.640648369399166,0,1,13,META,NVDA
2024-04-18,45.6745338228929,-0.8789619262148376,0.0,0.0,0.0,0.0,5.354896280907216,71.72753520791667,29.640648369399166,0,1,13,META,NVDA
2024-04-19,70.40476890937498,-0.04462676666369115,0.0,0.0,0.0,0.0,5.354896280907216,71.72753520791667,29.640648369399166,0,1,13,META,NVDA
2024-04-22,53.302385937395115,-0.6216176191862111,0.0,-0.0,0.0,-0.0,5.354896280907216,71.72753520791667,29.640648369399166,0,1,13,META,NVDA
2024-04-23,52.03979566242299,-0.6642142000449354,0.0,-0.0,0.0,-0.0,5.354896280907216,71.72753520791667,29.640648369399166,0,1,13,META,NVDA
2024-04-24,64.15214908720912,-0.25557423799569556,0.0,0.0,0.0,0.0,5.354896280907216,71.72753520791667,29.640648369399166,0,1,13,META,NVDA
2024-04-25,-3.4769055412760395,-2.537206332734386,1.0,-0.0,0.0,-0.0,5.354896280907216,71.72753520791667,29.640648369399166,0,1,13,META,NVDA
2024-04-26,-28.890260504289415,-3.39458821744545,1.0,-25.413354963013376,0.0,-25.413354963013376,5.354896280907216,71.72753520791667,29.640648369399166,0,1,13,META,NVDA
2024-04-29,-39.61520142367186,-3.7564204144244746,1.0,-10.724940919382448,0.0,-10.724940919382448,5.354896280907216,71.72753520791667,29.640648369399166,0,1,13,META,NVDA
2024-04-30,-34.798635004298376,-3.593921728182979,1.0,4.816566419373487,0.0,4.816566419373487,5.354896280907216,71.72753520791667,29.640648369399166,0,1,13,META,NVDA
2024-05-01,-7.84297905686077,-2.6845065355225355,1.0,26.955655947437606,0.0,26.955655947437606,5.354896280907216,71.72753520791667,29.640648369399166,0,1,13,META,NVDA
2024-05-02,-20.22528679817924,-3.1022540688086795,1.0,-12.38230774131847,0.0,-12.38230774131847,5.354896280907216,71.72753520791667,29.640648369399166,0,1,13,META,NVDA
2024-05-03,-25.912396190592403,-3.294122658238204,1.0,-5.687109392413163,0.0,-5.687109392413163,5.354896280907216,71.72753520791667,29.640648369399166,0,1,13,META,NVDA
2024-05-06,-30.20819851778225,-3.4390520900661805,1.0,-4.295802327189847,0.0,-4.295802327189847,5.354896280907216,71.72753520791667,29.640648369399166,0,1,13,META,NVDA
2024-05-07,-19.174800766342912,-3.066813345018007,1.0,11.033397751439338,0.0,11.033397751439338,5.354896280907216,71.72753520791667,29.640648369399166,0,1,13,META,NVDA
2024-05-08,-14.080370716342031,-2.8949402474220602,1.0,5.094430050000881,0.0,5.094430050000881,5.354896280907216,71.72753520791667,29.640648369399166,0,1,13,META,NVDA
2024-05-09,-2.3655926067793303,-2.4997134641355996,1.0,11.714778109562701,0.0,11.714778109562701,5.354896280907216,71.72753520791667,29.640648369399166,0,1,13,META,NVDA
2024-05-10,-7.643579302255546,-2.6777792955472086,1.0,-5.277986695476216,0.0,-5.277986695476216,5.354896280907216,71.72753520791667,29.640648369399166,0,1,13,META,NVDA
2024-05-13,-18.57377324882293,-3.0465362070138164,1.0,-10.930193946567385,0.0,-10.930193946567385,5.354896280907216,71.72753520791667,29.640648369399166,0,1,13,META,NVDA
2024-05-14,-19.87845625836104,-3.0905528895532264,1.0,-1.3046830095381097,0.0,-1.3046830095381097,5.354896280907216,71.72753520791667,29.640648369399166,0,1,13,META,NVDA
2024-05-15,-27.768424510468208,-3.356740327620631,1.0,-7.889968252107167,0.0,-7.889968252107167,5.354896280907216,71.72753520791667,29.640648369399166,0,1,13,META,NVDA
2024-05-16,-34.57917335259492,-3.5865176508845207,1.0,-6.8107488421267135,0.0,-6.8107488421267135,5.354896280907216,71.72753520791667,29.640648369399166,0,1,13,META,NVDA
2024-05-17,-25.829243848803742,-3.291317309962675,1.0,8.74992950379118,0.0,8.74992950379118,5.354896280907216,71.72753520791667,29.640648369399166,0,1,13,META,NVDA
2024-05-20,-41.19652289852843,-3.8097701743605326,1.0,-15.367279049724687,0.0,-15.367279049724687,5.354896280907216,71.72753520791667,29.640648369399166,0,1,13,META,NVDA
2024-05-21,-48.625171739203324,-4.060393870174967,1.0,-7.428648840674896,0.0,-7.428648840674896,5.354896280907216,71.72753520791667,29.640648369399166,0,1,13,META,NVDA
2024-05-22,-43.16013751547246,-3.8760175314517915,1.0,5.465034223730868,0.0,5.465034223730868,5.354896280907216,71.72753520791667,29.640648369399166,0,1,13,META,NVDA
2024-05-23,-92.50975598457478,-5.540947996334961,1.0,-49.349618469102325,0.0,-49.349618469102325,5.354896280907216,71.72753520791667,29.640648369399166,0,1,13,META,NVDA
2024-05-24,-94.43318498409087,-5.605839593021551,1.0,-1.9234289995160907,0.0,-1.9234289995160907,5.354896280907216,71.72753520791667,29.640648369399166,0,1,13,META,NVDA
2024-05-28,-132.52049322673372,-6.890808388844654,1.0,-38.08730824264285,0.0,-38.08730824264285,5.354896280907216,71.72753520791667,29.640648369399166,0,1,13,META,NVDA
2024-05-29,-142.9931046930651,-7.244127632601253,1.0,-10.472611466331387,0.0,-10.472611466331387,5.354896280907216,71.72753520791667,29.640648369399166,0,1,13,META,NVDA
2024-05-30,-127.11207126733791,-6.708342003764514,1.0,15.881033425727196,0.0,15.881033425727196,5.354896280907216,71.72753520791667,29.640648369399166,0,1,13,META,NVDA
2024-05-31,-122.69048256432188,-6.559168859914502,1.0,4.4215887030160275,0.0,4.4215887030160275,5.354896280907216,71.72753520791667,29.640648369399166,0,1,13,META,NVDA
2024-06-03,-140.81817570008684,-7.170751066546657,1.0,-18.127693135764957,0.0,-18.127693135764957,5.354896280907216,71.72753520791667,29.640648369399166,0,1,13,META,NVDA
2024-06-04,-149.0063318231504,-7.446998604084229,1.0,-8.18815612306355,0.0,-8.18815612306355,5.354896280907216,71.72753520791667,29.640648369399166,0,1,13,META,NVDA
2024-06-05,-163.1717394442477,-7.9249033868865375,1.0,-14.165407621097302,0.0,-14.165407621097302,5.354896280907216,71.72753520791667,29.640648369399166,0,1,13,META,NVDA
2024-06-06,-156.7462625954172,-7.708124159632382,1.0,6.425476848830499,0.0,6.425476848830499,5.354896280907216,71.72753520791667,29.640648369399166,0,1,13,META,NVDA
2024-06-07,-156.9528253219786,-7.7150930600419505,1.0,-0.20656272656140118,0.0,-0.20656272656140118,5.354896280907216,71.72753520791667,29.640648369399166,0,1,13,META,NVDA
2024-06-10,-152.1971694529118,-7.554649340667157,1.0,4.7556558690668,0.0,4.7556558690668,5.354896280907216,71.72753520791667,29.640648369399166,0,1,13,META,NVDA
2024-06-11,-142.6990986003525,-7.2342086156806875,1.0,9.498070852559295,0.0,9.498070852559295,5.354896280907216,71.72753520791667,29.640648369399166,0,1,13,META,NVDA
2024-06-12,-164.29982410888329,-7.962962090953221,1.0,-21.600725508530786,0.0,-21.600725508530786,5.354896280907216,71.72753520791667,29.640648369399166,0,1,13,META,NVDA
2024-06-13,-192.6169015410013,-8.918308177827367,1.0,-28.317077432118026,0.0,-28.317077432118026,5.354896280907216,71.72753520791667,29.640648369399166,0,1,13,META,NVDA
2024-06-14,-204.21010980143876,-9.309433503965852,1.0,-11.59320826043745,0.0,-11.59320826043745,5.354896280907216,71.72753520791667,29.640648369399166,0,1,13,META,NVDA
2024-06-17,-196.934780594137,-9.063982422173298,1.0,7.275329207301752,0.0,7.275329207301752,5.354896280907216,71.72753520791667,29.640648369399166,0,1,13,META,NVDA
2024-06-18,-228.66181650880162,-10.134371825241129,1.0,-31.72703591466461,0.0,-31.72703591466461,5.354896280907216,71.72753520791667,29.640648369399166,0,1,13,META,NVDA
2024-06-20,-200.77016120668327,-9.193378397752088,1.0,27.89165530211835,0.0,27.89165530211835,5.354896280907216,71.72753520791667,29.640648369399166,0,1,13,META,NVDA
2024-06-21,-185.1217619999096,-8.665441255090627,1.0,15.64839920677366,0.0,15.64839920677366,5.354896280907216,71.72753520791667,29.640648369399166,0,1,13,META,NVDA
2024-06-24,-135.72889687103054,-6.99905175802848,1.0,49.392865128879066,0.0,49.392865128879066,5.354896280907216,71.72753520791667,29.640648369399166,0,1,13,META,NVDA
2024-06-25,-166.80993283571001,-8.047646767737085,1.0,-31.081035964679472,0.0,-31.081035964679472,5.354896280907216,71.72753520791667,29.640648369399166,0,1,13,META,NVDA
2024-06-26,-165.9616953955367,-8.019029396429882,1.0,0.8482374401733068,0.0,0.8482374401733068,5.354896280907216,71.72753520791667,29.640648369399166,0,1,13,META,NVDA
2024-06-27,-146.65334196615095,-7.367614717885955,1.0,19.30835342938576,0.0,19.30835342938576,5.354896280907216,71.72753520791667,29.640648369399166,0,1,13,META,NVDA
2024-06-28,-159.5096402973188,-7.801353486719386,1.0,-12.856298331167864,0.0,-12.856298331167864,5.354896280907216,71.72753520791667,29.640648369399166,0,1,13,META,NVDA
2024-07-01,-163.11988300729877,-7.923153882749426,1.0,-3.610242709979957,0.0,-3.610242709979957,5.354896280907216,71.72753520791667,29.640648369399166,0,1,13,META,NVDA
2024-07-02,-149.5987478284244,-7.466985211593315,1.0,13.521135178874374,0.0,13.521135178874374,5.354896280907216,71.72753520791667,29.640648369399166,0,1,13,META,NVDA
2024-07-03,-179.16901498444736,-8.464610728670436,1.0,-29.570267156022965,0.0,-29.570267156022965,5.354896280907216,71.72753520791667,29.640648369399166,0,1,13,META,NVDA
2024-07-05,-136.25192020130646,-7.016697233382382,1.0,42.9170947831409,0.0,42.9170947831409,5.354896280907216,71.72753520791667,29.640648369399166,0,1,13,META,NVDA
2024-07-08,-159.4755486238481,-7.800203320466414,1.0,-23.22362842254165,0.0,-23.22362842254165,5.354896280907216,71.72753520791667,29.640648369399166,0,1,13,META,NVDA
2024-07-09,-175.82033513125998,-8.351634797393421,1.0,-16.344786507411868,0.0,-16.344786507411868,5.354896280907216,71.72753520791667,29.640648369399166,0,1,13,META,NVDA
2025-01-08,120.79061468153625,1.5736710731010384,0.0,-0.0,0.0,-0.0,0.8462018497947152,106.79087401216252,8.896230545679526,0,1,15,JPM,NVDA
2025-01-10,121.1347552152469,1.6123549327361482,0.0,0.0,0.0,0.0,0.8462018497947152,106.79087401216252,8.896230545679526,0,1,15,JPM,NVDA
2025-01-13,127.67398154281655,2.3474107852112667,-1.0,0.0,0.0,0.0,0.8462018497947152,106.79087401216252,8.896230545679526,0,1,15,JPM,NVDA
2025-01-14,132.12645405806433,2.847900570450716,-1.0,-4.452472515247777,0.0,-4.452472515247777,0.8462018497947152,106.79087401216252,8.896230545679526,0,1,15,JPM,NVDA
2025-01-15,133.14000835559096,2.961831329362857,-1.0,-1.013554297526639,0.0,-1.013554297526639,0.8462018497947152,106.79087401216252,8.896230545679526,0,1,15,JPM,NVDA
2025-01-16,137.28866671728514,3.4281702287868363,-1.0,-4.148658361694174,0.0,-4.148658361694174,0.8462018497947152,106.79087401216252,8.896230545679526,0,1,15,JPM,NVDA
2025-01-17,138.59970155695237,3.575539930250333,-1.0,-1.3110348396672293,0.0,-1.3110348396672293,0.8462018497947152,106.79087401216252,8.896230545679526,0,1,15,JPM,NVDA
2025-01-21,139.76960516218253,3.70704547062758,-1.0,-1.1699036052301608,0.0,-1.1699036052301608,0.8462018497947152,106.79087401216252,8.896230545679526,0,1,15,JPM,NVDA
2025-01-22,134.30372248611178,3.092641128473333,-1.0,5.465882676070748,0.0,5.465882676070748,0.8462018497947152,106.79087401216252,8.896230545679526,0,1,15,JPM,NVDA
2025-01-23,137.23811540637035,3.4224878995514123,-1.0,-2.934392920258574,0.0,-2.934392920258574,0.8462018497947152,106.79087401216252,8.896230545679526,0,1,15,JPM,NVDA
2025-01-24,140.03698705091202,3.7371011090641697,-1.0,-2.798871644541663,0.0,-2.798871644541663,0.8462018497947152,106.79087401216252,8.896230545679526,0,1,15,JPM,NVDA
2025-01-27,161.5036189558164,6.150104211297137,-1.0,-21.466631904904375,0.0,-21.466631904904375,0.8462018497947152,106.79087401216252,8.896230545679526,0,1,15,JPM,NVDA
2025-01-28,153.8315183968727,5.287705185153455,-1.0,7.672100558943697,0.0,7.672100558943697,0.8462018497947152,106.79087401216252,8.896230545679526,0,1,15,JPM,NVDA
2025-01-29,157.75543724029004,5.728781753849508,-1.0,-3.92391884341734,0.0,-3.92391884341734,0.8462018497947152,106.79087401216252,8.896230545679526,0,1,15,JPM,NVDA
2025-01-30,158.57593068302728,5.821011090592104,-1.0,-0.820493442737245,0.0,-0.820493442737245,0.8462018497947152,106.79087401216252,8.896230545679526,0,1,15,JPM,NVDA
2025-01-31,161.5350421282398,6.153636400830902,-1.0,-2.9591114452125282,0.0,-2.9591114452125282,0.8462018497947152,106.79087401216252,8.896230545679526,0,1,15,JPM,NVDA
2025-02-03,163.93746912370278,6.423686393704537,-1.0,-2.4024269954629744,0.0,-2.4024269954629744,0.8462018497947152,106.79087401216252,8.896230545679526,0,1,15,JPM,NVDA
2025-02-04,163.36632928793068,6.359486187466686,-1.0,0.5711398357721009,0.0,0.5711398357721009,0.8462018497947152,106.79087401216252,8.896230545679526,0,1,15,JPM,NVDA
2025-02-05,160.5891625660579,6.047312766643917,-1.0,2.7771667218727885,0.0,2.7771667218727885,0.8462018497947152,106.79087401216252,8.896230545679526,0,1,15,JPM,NVDA
2025-02-06,163.70078657877775,6.397081581283172,-1.0,-3.111624012719858,0.0,-3.111624012719858,0.8462018497947152,106.79087401216252,8.896230545679526,0,1,15,JPM,NVDA
2025-02-07,161.63670972659884,6.165064566708236,-1.0,2.064076852178914,0.0,2.064076852178914,0.8462018497947152,106.79087401216252,8.896230545679526,0,1,15,JPM,NVDA
2025-02-10,153.79586886572264,5.283697922643001,-1.0,7.840840860876199,0.0,7.840840860876199,0.8462018497947152,106.79087401216252,8.896230545679526,0,1,15,JPM,NVDA
2025-02-11,158.3352852310553,5.793960819048856,-1.0,-4.53941636533267,0.0,-4.53941636533267,0.8462018497947152,106.79087401216252,8.896230545679526,0,1,15,JPM,NVDA
2025-02-12,160.19245929394478,6.002720478924285,-1.0,-1.8571740628894702,0.0,-1.8571740628894702,0.8462018497947152,106.79087401216252,8.896230545679526,0,1,15,JPM,NVDA
2025-02-13,157.53804894303332,5.704345752990437,-1.0,2.654410350911462,0.0,2.654410350911462,0.8462018497947152,106.79087401216252,8.896230545679526,0,1,15,JPM,NVDA
2025-02-14,154.79213295097753,5.395685137917984,-1.0,2.745915992055785,0.0,2.745915992055785,0.8462018497947152,106.79087401216252,8.896230545679526,0,1,15,JPM,NVDA
2025-02-18,157.63422151821763,5.715156238924957,-1.0,-2.842088567240097,0.0,-2.842088567240097,0.8462018497947152,106.79087401216252,8.896230545679526,0,1,15,JPM,NVDA
2025-02-19,157.08897915070992,5.65386709351578,-1.0,0.5452423675077114,0.0,0.5452423675077114,0.8462018497947152,106.79087401216252,8.896230545679526,0,1,15,JPM,NVDA
2025-02-20,144.08964117079407,4.192648444429734,-1.0,12.99933797991585,0.0,12.99933797991585,0.8462018497947152,106.79087401216252,8.896230545679526,0,1,15,JPM,NVDA
2025-02-21,146.37485990535453,4.449523389703076,-1.0,-2.285218734560459,0.0,-2.285218734560459,0.8462018497947152,106.79087401216252,8.896230545679526,0,1,15,JPM,NVDA
2025-02-24,147.0311013109535,4.523289621617745,-1.0,-0.656241405598962,0.0,-0.656241405598962,0.8462018497947152,106.79087401216252,8.896230545679526,0,1,15,JPM,NVDA
2025-02-25,146.24065640683375,4.4344379557283515,-1.0,0.7904449041197381,0.0,0.7904449041197381,0.8462018497947152,106.79087401216252,8.896230545679526,0,1,15,JPM,NVDA
2025-02-26,143.67507633544614,4.146048389134487,-1.0,2.5655800713876147,0.0,2.5655800713876147,0.8462018497947152,106.79087401216252,8.896230545679526,0,1,15,JPM,NVDA
2025-02-27,153.34664271578293,5.233201687452932,-1.0,-9.671566380336799,0.0,-9.671566380336799,0.8462018497947152,106.79087401216252,8.896230545679526,0,1,15,JPM,NVDA
2025-02-28,154.82362832063188,5.399225442937355,-1.0,-1.4769856048489487,0.0,-1.4769856048489487,0.8462018497947152,106.79087401216252,8.896230545679526,0,1,15,JPM,NVDA
2025-03-03,160.04404214628437,5.986037329033067,-1.0,-5.220413825652486,0.0,-5.220413825652486,0.8462018497947152,106.79087401216252,8.896230545679526,0,1,15,JPM,NVDA
2025-03-04,148.20384402759322,4.6551142984421645,-1.0,11.840198118691148,0.0,11.840198118691148,0.8462018497947152,106.79087401216252,8.896230545679526,0,1,15,JPM,NVDA
2025-03-05,148.35555857432928,4.672168099595029,-1.0,-0.15171454673605922,0.0,-0.15171454673605922,0.8462018497947152,106.79087401216252,8.896230545679526,0,1,15,JPM,NVDA
2025-03-06,149.13711805220416,4.760020979965182,-1.0,-0.7815594778748789,0.0,-0.7815594778748789,0.8462018497947152,106.79087401216252,8.896230545679526,0,1,15,JPM,NVDA
2025-03-07,143.15045167595736,4.087076821705453,-1.0,5.986666376246802,0.0,5.986666376246802,0.8462018497947152,106.79087401216252,8.896230545679526,0,1,15,JPM,NVDA
2025-03-10,138.07860268798015,3.5169646869159195,-1.0,5.071848987977205,0.0,5.071848987977205,0.8462018497947152,106.79087401216252,8.896230545679526,0,1,15,JPM,NVDA
2025-03-11,133.5410545903428,3.006911797173644,-1.0,4.537548097637341,0.0,4.537548097637341,0.8462018497947152,106.79087401216252,8.896230545679526,0,1,15,JPM,NVDA
2025-03-12,126.40656793975685,2.2049444230197857,-1.0,7.134486650585956,0.0,7.134486650585956,0.8462018497947152,106.79087401216252,8.896230545679526,0,1,15,JPM,NVDA
2025-03-13,123.87444178303761,1.9203153159257733,-1.0,2.5321261567192437,0.0,2.5321261567192437,0.8462018497947152,106.79087401216252,8.896230545679526,0,1,15,JPM,NVDA
2025-03-14,125.85837953564904,2.1433241220065606,-1.0,-1.9839377526114248,0.0,-1.9839377526114248,0.8462018497947152,106.79087401216252,8.896230545679526,0,1,15,JPM,NVDA
2025-03-17,129.13556600844245,2.5117033423927717,-1.0,-3.2771864727934172,0.0,-3.2771864727934172,0.8462018497947152,106.79087401216252,8.896230545679526,0,1,15,JPM,NVDA
2025-03-18,133.62806296806008,3.016692161707871,-1.0,-4.492496959617625,0.0,-4.492496959617625,0.8462018497947152,106.79087401216252,8.896230545679526,0,1,15,JPM,NVDA
2025-03-19,135.93493956380803,3.2760016056237875,-1.0,-2.3068765957479513,0.0,-2.3068765957479513,0.8462018497947152,106.79087401216252,8.896230545679526,0,1,15,JPM,NVDA
2025-03-20,134.9820160985742,3.168886186307613,-1.0,0.9529234652338232,0.0,0.9529234652338232,0.8462018497947152,106.79087401216252,8.896230545679526,0,1,15,JPM,NVDA
2025-03-21,138.2631697790107,3.5377113492334984,-1.0,-3.281153680436489,0.0,-3.281153680436489,0.8462018497947152,106.79087401216252,8.896230545679526,0,1,15,JPM,NVDA
2025-03-24,141.4535469964813,3.896332587868103,-1.0,-3.1903772174705978,0.0,-3.1903772174705978,0.8462018497947152,106.79087401216252,8.896230545679526,0,1,15,JPM,NVDA
2025-03-25,145.08458471267835,4.304487221176306,-1.0,-3.6310377161970564,0.0,-3.6310377161970564,0.8462018497947152,106.79087401216252,8.896230545679526,0,1,15,JPM,NVDA
2025-03-26,150.84927935926166,4.952480167962396,-1.0,-5.764694646583308,0.0,-5.764694646583308,0.8462018497947152,106.79087401216252,8.896230545679526,0,1,15,JPM,NVDA
2025-03-27,149.95615928189974,4.852087077565739,-1.0,0.8931200773619139,0.0,0.8931200773619139,0.8462018497947152,106.79087401216252,8.896230545679526,0,1,15,JPM,NVDA
2025-03-28,146.25781200441793,4.436366367710942,-1.0,3.6983472774818154,0.0,3.6983472774818154,0.8462018497947152,106.79087401216252,8.896230545679526,0,1,15,JPM,NVDA
2025-03-31,149.76082532010201,4.830130141895654,-1.0,-3.503013315684086,0.0,-3.503013315684086,0.8462018497947152,106.79087401216252,8.896230545679526,0,1,15,JPM,NVDA
2025-04-01,146.64900319127867,4.480339057588086,-1.0,3.1118221288233485,0.0,3.1118221288233485,0.8462018497947152,106.79087401216252,8.896230545679526,0,1,15,JPM,NVDA
2025-04-02,148.54674519528191,4.693658844463988,-1.0,-1.8977420040032484,0.0,-1.8977420040032484,0.8462018497947152,106.79087401216252,8.896230545679526,0,1,15,JPM,NVDA
2025-04-03,138.9781205202396,3.6180769307635456,-1.0,9.568624675042315,0.0,9.568624675042315,0.8462018497947152,106.79087401216252,8.896230545679526,0,1,15,JPM,NVDA
2025-04-04,128.4684790397392,2.436717991543561,-1.0,10.509641480500392,0.0,10.509641480500392,0.8462018497947152,106.79087401216252,8.896230545679526,0,1,15,JPM,NVDA
2025-04-07,129.77118270465684,2.583151209323679,-1.0,-1.3027036649176296,0.0,-1.3027036649176296,0.8462018497947152,106.79087401216252,8.896230545679526,0,1,15,JPM,NVDA
2025-04-08,133.31151496197612,2.9811098997084113,-1.0,-3.540332257319278,0.0,-3.540332257319278,0.8462018497947152,106.79087401216252,8.896230545679526,0,1,15,JPM,NVDA
2025-04-09,135.35939029390738,3.2113057474234665,-1.0,-2.047875331931266,0.0,-2.047875331931266,0.8462018497947152,106.79087401216252,8.896230545679526,0,1,15,JPM,NVDA
2025-04-10,133.9181699868032,3.0493022674434984,-1.0,1.4412203071041745,0.0,1.4412203071041745,0.8462018497947152,106.79087401216252,8.896230545679526,0,1,15,JPM,NVDA
2025-04-11,140.0780722473523,3.741719379266289,-1.0,-6.159902260549103,0.0,-6.159902260549103,0.8462018497947152,106.79087401216252,8.896230545679526,0,1,15,JPM,NVDA
2025-04-14,138.79843087109674,3.5978785278309546,-1.0,1.2796413762555687,0.0,1.2796413762555687,0.8462018497947152,106.79087401216252,8.896230545679526,0,1,15,JPM,NVDA
2025-04-15,135.9631108516066,3.279168260046007,-1.0,2.8353200194901547,0.0,2.8353200194901547,0.8462018497947152,106.79087401216252,8.896230545679526,0,1,15,JPM,NVDA
2025-04-16,138.99996289626472,3.6205321701947817,-1.0,-3.036852044658133,0.0,-3.036852044658133,0.8462018497947152,106.79087401216252,8.896230545679526,0,1,15,JPM,NVDA
2025-04-17,143.8655331648007,4.167457100203363,-1.0,-4.865570268535976,0.0,-4.865570268535976,0.8462018497947152,106.79087401216252,8.896230545679526,0,1,15,JPM,NVDA
2025-04-21,144.79896174029193,4.27238115435173,-1.0,-0.9334285754912344,0.0,-0.9334285754912344,0.8462018497947152,106.79087401216252,8.896230545679526,0,1,15,JPM,NVDA
2025-04-22,149.6603644428105,4.818837620105029,-1.0,-4.861402702518575,0.0,-4.861402702518575,0.8462018497947152,106.79087401216252,8.896230545679526,0,1,15,JPM,NVDA
2025-04-23,151.66762739130726,5.044468345184606,-1.0,-2.0072629484967592,0.0,-2.0072629484967592,0.8462018497947152,106.79087401216252,8.896230545679526,0,1,15,JPM,NVDA
2025-04-24,152.24419821214448,5.109279033023315,-1.0,-0.5765708208372189,0.0,-0.5765708208372189,0.8462018497947152,106.79087401216252,8.896230545679526,0,1,15,JPM,NVDA
2025-04-25,147.289769433669,4.552365770373932,-1.0,4.954428778475489,0.0,4.954428778475489,0.8462018497947152,106.79087401216252,8.896230545679526,0,1,15,JPM,NVDA
2025-04-28,148.89193844689845,4.7324610371279565,-1.0,-1.6021690132294566,0.0,-1.6021690132294566,0.8462018497947152,106.79087401216252,8.896230545679526,0,1,15,JPM,NVDA
2025-04-29,150.03311997232268,4.860738010118325,-1.0,-1.14118152542423,0.0,-1.14118152542423,0.8462018497947152,106.79087401216252,8.896230545679526,0,1,15,JPM,NVDA
2025-04-30,150.11772595408507,4.870248328148863,-1.0,-0.08460598176239387,0.0,-0.08460598176239387,0.8462018497947152,106.79087401216252,8.896230545679526,0,1,15,JPM,NVDA
2025-05-01,150.09003830081332,4.8671360377097175,-1.0,0.027687653271755153,0.0,0.027687653271755153,0.8462018497947152,106.79087401216252,8.896230545679526,0,1,15,JPM,NVDA
2025-05-02,153.21094874261058,5.2179487134573055,-1.0,-3.120910441797264,0.0,-3.120910441797264,0.8462018497947152,106.79087401216252,8.896230545679526,0,1,15,JPM,NVDA
2025-05-05,153.83579299188392,5.288185680233846,-1.0,-0.6248442492733375,0.0,-0.6248442492733375,0.8462018497947152,106.79087401216252,8.896230545679526,0,1,15,JPM,NVDA
2025-05-06,150.79448504262334,4.94632089450866,-1.0,3.0413079492605846,0.0,3.0413079492605846,0.8462018497947152,106.79087401216252,8.896230545679526,0,1,15,JPM,NVDA
2025-05-07,147.95505629285256,4.62714877602644,-1.0,2.839428749770775,0.0,2.839428749770775,0.8462018497947152,106.79087401216252,8.896230545679526,0,1,15,JPM,NVDA
2025-05-08,151.7335765233384,5.051881499744002,-1.0,-3.7785202304858387,0.0,-3.7785202304858387,0.8462018497947152,106.79087401216252,8.896230545679526,0,1,15,JPM,NVDA
2025-05-09,151.95649386448855,5.076939004718219,-1.0,-0.2229173411501506,0.0,-0.2229173411501506,0.8462018497947152,106.79087401216252,8.896230545679526,0,1,15,JPM,NVDA
2025-05-12,153.4870816885881,5.248988033375967,-1.0,-1.5305878240995412,0.0,-1.5305878240995412,0.8462018497947152,106.79087401216252,8.896230545679526,0,1,15,JPM,NVDA
2025-05-13,150.5555538984032,4.919463323429167,-1.0,2.9315277901849015,0.0,2.9315277901849015,0.8462018497947152,106.79087401216252,8.896230545679526,0,1,15,JPM,NVDA
2025-05-14,148.58317440126453,4.6977537480071865,-1.0,1.972379497138661,0.0,1.972379497138661,0.8462018497947152,106.79087401216252,8.896230545679526,0,1,15,JPM,NVDA
2025-05-15,150.84683906213166,4.952205861095296,-1.0,-2.2636646608671356,0.0,-2.2636646608671356,0.8462018497947152,106.79087401216252,8.896230545679526,0,1,15,JPM,NVDA
2025-05-16,150.43392413158995,4.905791266911667,-1.0,0.41291493054171724,0.0,0.41291493054171724,0.8462018497947152,106.79087401216252,8.896230545679526,0,1,15,JPM,NVDA
2025-05-19,147.63586135075403,4.591268979469959,-1.0,2.79806278083592,0.0,2.79806278083592,0.8462018497947152,106.79087401216252,8.896230545679526,0,1,15,JPM,NVDA
2025-05-20,149.43496021299603,4.793500571041711,-1.0,-1.7990988622420048,0.0,-1.7990988622420048,0.8462018497947152,106.79087401216252,8.896230545679526,0,1,15,JPM,NVDA
2025-05-21,147.02236431320807,4.522307520524417,-1.0,2.4125958997879593,0.0,2.4125958997879593,0.8462018497947152,106.79087401216252,8.896230545679526,0,1,15,JPM,NVDA
2025-05-22,145.78450782452026,4.383163589582904,-1.0,1.237856488687811,0.0,1.237856488687811,0.8462018497947152,106.79087401216252,8.896230545679526,0,1,15,JPM,NVDA
2025-05-23,147.12700187446586,4.534069531493052,-1.0,-1.3424940499456,0.0,-1.3424940499456,0.8462018497947152,106.79087401216252,8.896230545679526,0,1,15,JPM,NVDA
2025-05-27,148.1011556605228,4.643571390854154,-1.0,-0.9741537860569451,0.0,-0.9741537860569451,0.8462018497947152,106.79087401216252,8.896230545679526,0,1,15,JPM,NVDA
2025-05-28,146.9022059509139,4.508800860408405,-1.0,1.198949709608911,0.0,1.198949709608911,0.8462018497947152,106.79087401216252,8.896230545679526,0,1,15,JPM,NVDA
2025-05-29,144.06806065544754,4.190222640013389,-1.0,2.8341452954663566,0.0,2.8341452954663566,0.8462018497947152,106.79087401216252,8.896230545679526,0,1,15,JPM,NVDA
2025-05-30,147.1365632448211,4.535144297969274,-1.0,-3.0685025893735656,0.0,-3.0685025893735656,0.8462018497947152,106.79087401216252,8.896230545679526,0,1,15,JPM,NVDA
2025-06-02,145.8866137130617,4.394641022414389,-1.0,1.2499495317593983,0.0,1.2499495317593983,0.8462018497947152,106.79087401216252,8.896230545679526,0,1,15,JPM,NVDA
2025-06-03,144.23230860090126,4.2086852849066805,-1.0,1.6543051121604435,0.0,1.6543051121604435,0.8462018497947152,106.79087401216252,8.896230545679526,0,1,15,JPM,NVDA
2025-06-04,141.60979974707232,3.913896515622528,-1.0,2.622508853828947,0.0,2.622508853828947,0.8462018497947152,106.79087401216252,8.896230545679526,0,1,15,JPM,NVDA
2025-06-05,140.99449719773895,3.8447321042267166,-1.0,0.6153025493333644,0.0,0.6153025493333644,0.8462018497947152,106.79087401216252,8.896230545679526,0,1,15,JPM,NVDA
2025-06-06,143.27449510903458,4.1010201915900675,-1.0,-2.2799979112956237,0.0,-2.2799979112956237,0.8462018497947152,106.79087401216252,8.896230545679526,0,1,15,JPM,NVDA
2025-06-09,143.50485210519608,4.126913967046839,-1.0,-0.23035699616150396,0.0,-0.23035699616150396,0.8462018497947152,106.79087401216252,8.896230545679526,0,1,15,JPM,NVDA
2025-06-10,144.22177177371321,4.207500870099314,-1.0,-0.7169196685171357,0.0,-0.7169196685171357,0.8462018497947152,106.79087401216252,8.896230545679526,0,1,15,JPM,NVDA
2025-06-11,144.72374461859215,4.2639262114055505,-1.0,-0.5019728448789351,0.0,-0.5019728448789351,0.8462018497947152,106.79087401216252,8.896230545679526,0,1,15,JPM,NVDA
2025-06-12,142.97680607435296,4.067557812984537,-1.0,1.7469385442391854,0.0,1.7469385442391854,0.8462018497947152,106.79087401216252,8.896230545679526,0,1,15,JPM,NVDA
2025-06-13,142.28212024794365,3.989470152953437,-1.0,0.6946858264093123,0.0,0.6946858264093123,0.8462018497947152,106.79087401216252,8.896230545679526,0,1,15,JPM,NVDA
2025-06-16,145.33871013283579,4.333052737644497,-1.0,-3.0565898848921336,0.0,-3.0565898848921336,0.8462018497947152,106.79087401216252,8.896230545679526,0,1,15,JPM,NVDA
2025-06-17,144.98906003965845,4.293749564083293,-1.0,0.3496500931773312,0.0,0.3496500931773312,0.8462018497947152,106.79087401216252,8.896230545679526,0,1,15,JPM,NVDA
2025-06-18,148.23572351237794,4.658697780752007,-1.0,-3.24666347271949,0.0,-3.24666347271949,0.8462018497947152,106.79087401216252,8.896230545679526,0,1,15,JPM,NVDA
2025-06-20,150.6448675824833,4.92950282090189,-1.0,-2.4091440701053557,0.0,-2.4091440701053557,0.8462018497947152,106.79087401216252,8.896230545679526,0,1,15,JPM,NVDA
2025-06-23,153.61270195460935,5.263108650571781,-1.0,-2.967834372126049,0.0,-2.967834372126049,0.8462018497947152,106.79087401216252,8.896230545679526,0,1,15,JPM,NVDA
2025-06-24,153.41800740003367,5.241223588850867,-1.0,0.1946945545756762,0.0,0.1946945545756762,0.8462018497947152,106.79087401216252,8.896230545679526,0,1,15,JPM,NVDA
2025-06-25,150.7675156857427,4.9432893457260425,-1.0,2.650491714290979,0.0,2.650491714290979,0.8462018497947152,106.79087401216252,8.896230545679526,0,1,15,JPM,NVDA
2025-06-26,154.81171214171042,5.3978859791205975,-1.0,-4.044196455967722,0.0,-4.044196455967722,0.8462018497947152,106.79087401216252,8.896230545679526,0,1,15,JPM,NVDA
2025-06-27,150.87760588689892,4.955664272453823,-1.0,3.9341062548114962,0.0,3.9341062548114962,0.8462018497947152,106.79087401216252,8.896230545679526,0,1,15,JPM,NVDA
2025-06-30,153.44762751327877,5.244553101625184,-1.0,-2.570021626379855,0.0,-2.570021626379855,0.8462018497947152,106.79087401216252,8.896230545679526,0,1,15,JPM,NVDA
2025-07-01,157.91104255685116,5.746272905384097,-1.0,-4.4634150435723825,0.0,-4.4634150435723825,0.8462018497947152,106.79087401216252,8.896230545679526,0,1,15,JPM,NVDA
2025-07-02,156.1437032594373,5.547611316260581,-1.0,1.767339297413855,0.0,1.767339297413855,0.8462018497947152,106.79087401216252,8.896230545679526,0,1,15,JPM,NVDA
2025-07-03,159.74917850451428,5.952892544817319,-1.0,-3.605475245076974,0.0,-3.605475245076974,0.8462018497947152,106.79087401216252,8.896230545679526,0,1,15,JPM,NVDA
2025-07-07,156.66939144907988,5.6067024320925425,-1.0,3.0797870554343945,0.0,3.0797870554343945,0.8462018497947152,106.79087401216252,8.896230545679526,0,1,15,JPM,NVDA
2025-07-08,146.03471036789057,4.411288146616986,-1.0,10.634681081189314,0.0,10.634681081189314,0.8462018497947152,106.79087401216252,8.896230545679526,0,1,15,JPM,NVDA
2025-07-09,143.97608988908794,4.179884467470833,-1.0,2.0586204788026237,0.0,2.0586204788026237,0.8462018497947152,106.79087401216252,8.896230545679526,0,1,15,JPM,NVDA
2025-07-10,147.94951507704818,4.626525903701365,-1.0,-3.973425187960231,0.0,-3.973425187960231,0.8462018497947152,106.79087401216252,8.896230545679526,0,1,15,JPM,NVDA
2025-07-11,145.93210534812027,4.399754607862178,-1.0,2.017409728927902,0.0,2.017409728927902,0.8462018497947152,106.79087401216252,8.896230545679526,0,1,15,JPM,NVDA
