Date,equity
2018-01-02,1.0
2018-01-03,1.0
2018-01-04,1.0
2018-01-05,1.0
2018-01-08,1.0
2018-01-09,1.0
2018-01-10,1.0
2018-01-11,1.0
2018-01-12,1.0
2018-01-16,1.0
2018-01-17,1.0
2018-01-18,1.0
2018-01-19,1.0
2018-01-22,1.0
2018-01-23,1.0
2018-01-24,1.0
2018-01-25,1.0
2018-01-26,1.0
2018-01-29,1.0
2018-01-30,1.0
2018-01-31,1.0
2018-02-01,1.0
2018-02-02,1.0
2018-02-05,1.0
2018-02-06,1.0
2018-02-07,1.0
2018-02-08,1.0
2018-02-09,1.0
2018-02-12,1.0
2018-02-13,1.0
2018-02-14,1.0
2018-02-15,1.0
2018-02-16,1.0
2018-02-20,1.0
2018-02-21,1.0
2018-02-22,1.0
2018-02-23,1.0
2018-02-26,1.0
2018-02-27,1.0
2018-02-28,1.0
2018-03-01,1.0
2018-03-02,1.0
2018-03-05,1.0
2018-03-06,1.0
2018-03-07,1.0
2018-03-08,1.0
2018-03-09,1.0
2018-03-12,1.0
2018-03-13,1.0
2018-03-14,1.0
2018-03-15,1.0
2018-03-16,1.0
2018-03-19,1.0
2018-03-20,1.0
2018-03-21,1.0
2018-03-22,1.0
2018-03-23,1.0
2018-03-26,1.0
2018-03-27,1.0
2018-03-28,1.0
2018-03-29,1.0
2018-04-02,1.0
2018-04-03,1.0
2018-04-04,1.0
2018-04-05,1.0
2018-04-06,1.0
2018-04-09,1.0
2018-04-10,1.0
2018-04-11,1.0
2018-04-12,1.0
2018-04-13,1.0
2018-04-16,1.0
2018-04-17,1.0
2018-04-18,1.0
2018-04-19,1.0
2018-04-20,1.0
2018-04-23,1.0
2018-04-24,1.0
2018-04-25,0.9998333333333334
2018-04-26,1.0003979128987566
2018-04-27,1.0021616593574727
2018-04-30,1.0054294908713166
2018-05-01,1.004067874152823
2018-05-02,1.0075307543840384
2018-05-03,1.0060063021843562
2018-05-04,1.0097399348365426
2018-05-07,1.0087176837591025
2018-05-08,1.0101732532438785
2018-05-09,1.0182331301781467
2018-05-10,1.0214996959361524
2018-05-11,1.0208476895632317
2018-05-14,1.0216567591784227
2018-05-15,1.020929354892995
2018-05-16,1.0209704028668325
2018-05-17,1.0222578357172654
2018-05-18,1.0237356333986924
2018-05-21,1.024830341286623
2018-05-22,1.0240828977317225
2018-05-23,1.024596499924994
2018-05-24,1.0248784964696238
2018-05-25,1.0293466267705338
2018-05-29,1.0315723730250097
2018-05-30,1.0403350786882786
2018-05-31,1.0347437700618154
2018-06-01,1.0355943526454583
2018-06-04,1.031020154039967
2018-06-05,1.0271104042457186
2018-06-06,1.035996465024654
2018-06-07,1.0409864947636132
2018-06-08,1.0431932841325628
2018-06-11,1.0437304779855245
2018-06-12,1.0382589021296296
2018-06-13,1.0374915243693799
2018-06-14,1.026096740407386
2018-06-15,1.0250291994764473
2018-06-18,1.0258484971643609
2018-06-19,1.0272746004279782
2018-06-20,1.0252742604432672
2018-06-21,1.0284197093668812
2018-06-22,1.0228030134667319
2018-06-25,1.0296364151739477
2018-06-26,1.027347592525539
2018-06-27,1.0251310018571553
2018-06-28,1.0274453887673733
2018-06-29,1.027188089903207
2018-07-02,1.0281190316437394
2018-07-03,1.0249818339561434
2018-07-05,1.0225469358826111
2018-07-06,1.0216653713527843
2018-07-09,1.035570511027913
2018-07-10,1.0294030695546623
2018-07-11,1.0300555375903424
2018-07-12,1.0286468981573544
2018-07-13,1.0302151979316623
2018-07-16,1.0512170646690056
2018-07-17,1.0494647080382424
2018-07-18,1.0463166077125696
2018-07-19,1.050230980549459
2018-07-20,1.0542200554562533
2018-07-23,1.0552352490268906
2018-07-24,1.0538837917526191
2018-07-25,1.051899711144263
2018-07-26,1.0390187332926488
2018-07-27,1.041884201442891
2018-07-30,1.0361912448411732
2018-07-31,1.0452290644926763
2018-08-01,1.043945789068113
2018-08-02,1.0431108952620827
2018-08-03,1.0386987404258223
2018-08-06,1.0428228107705781
2018-08-07,1.0408153914812437
2018-08-08,1.0385510591552505
2018-08-09,1.040973530697455
2018-08-10,1.043865422292435
2018-08-13,1.051507638996439
2018-08-14,1.050721920098885
2018-08-15,1.0523034279643435
2018-08-16,1.0476685216555544
2018-08-17,1.0374140837349737
2018-08-20,1.0436297691787726
2018-08-21,1.0435895911785695
2018-08-22,1.0498333381345455
2018-08-23,1.0527846345542755
2018-08-24,1.0578774219600966
2018-08-27,1.057660863803236
2018-08-28,1.0576666038053888
2018-08-29,1.050618532084954
2018-08-30,1.0508618509597818
2018-08-31,1.0485260372456175
2018-09-04,1.044444368584355
2018-09-05,1.0498602204275005
2018-09-06,1.051621225973849
2018-09-07,1.048604958090596
2018-09-10,1.0518643769916503
2018-09-11,1.047731084487035
2018-09-12,1.0457724555248695
2018-09-13,1.0473314656494224
2018-09-14,1.0504069220263677
2018-09-17,1.0542768204576594
2018-09-18,1.0516548058686488
2018-09-19,1.0553567762880054
2018-09-20,1.0552230305148311
2018-09-21,1.0579252491739346
2018-09-24,1.057839644872666
2018-09-25,1.0550792640648992
2018-09-26,1.055355490646136
2018-09-27,1.0539139027403692
2018-09-28,1.0528663880260352
2018-10-01,1.053167670632728
2018-10-02,1.0540534635986714
2018-10-03,1.0577493933604742
2018-10-04,1.0593398208179854
2018-10-05,1.0601581756713936
2018-10-08,1.062463616976571
2018-10-09,1.0623407103151272
2018-10-10,1.068510355376541
2018-10-11,1.0666132890643243
2018-10-12,1.0709021060964232
2018-10-15,1.07030823317464
2018-10-16,1.0756721871364312
2018-10-17,1.0760818188302552
2018-10-18,1.074133375717773
2018-10-19,1.0766525762893304
2018-10-22,1.0769517605375964
2018-10-23,1.0766569460511617
2018-10-24,1.0765123037341486
2018-10-25,1.0779431468007072
2018-10-26,1.0733903347319689
2018-10-29,1.0703504129789836
2018-10-30,1.0623704008298689
2018-10-31,1.0732235068028233
2018-11-01,1.0811928102046977
2018-11-02,1.0821913879884213
2018-11-05,1.084047574256614
2018-11-06,1.0818854063796361
2018-11-07,1.0930577031045061
2018-11-08,1.082796699106939
2018-11-09,1.086295390443239
2018-11-12,1.0833704355844975
2018-11-13,1.08836023676685
2018-11-14,1.096970592043232
2018-11-15,1.0879609681299989
2018-11-16,1.054274580025207
2018-11-19,1.0275409224187049
2018-11-20,1.0480012906836587
2018-11-21,1.0462872059831834
2018-11-23,1.0435120079732378
2018-11-26,1.0504520100505474
2018-11-27,1.049360228289804
2018-11-28,1.0550718743006497
2018-11-29,1.0524759607528429
2018-11-30,1.052874571445746
2018-12-03,1.0667322527621044
2018-12-04,1.0765730894038255
2018-12-06,1.0885813104370226
2018-12-07,1.08633954339159
2018-12-10,1.1012899211412983
2018-12-11,1.1010602558388802
2018-12-12,1.1021843038315358
2018-12-13,1.1014510088620277
2018-12-14,1.1008141046430973
2018-12-17,1.1031710225283324
2018-12-18,1.1024547707257704
2018-12-19,1.1049444947265763
2018-12-20,1.1049444947265763
2018-12-21,1.104576179895001
2018-12-24,1.1049854475443954
2018-12-26,1.1181792949216223
2018-12-27,1.1182847897150405
2018-12-28,1.1198517159696244
2018-12-31,1.1258065289778498
2019-01-02,1.1279238361712365
2019-01-03,1.1264413501715371
2019-01-04,1.13036348861355
2019-01-07,1.13036348861355
2019-01-08,1.13036348861355
2019-01-09,1.13036348861355
2019-01-10,1.13036348861355
2019-01-11,1.13036348861355
2019-01-14,1.13036348861355
2019-01-15,1.13036348861355
2019-01-16,1.13036348861355
2019-01-17,1.13036348861355
2019-01-18,1.13036348861355
2019-01-22,1.13036348861355
2019-01-23,1.13036348861355
2019-01-24,1.13036348861355
2019-01-25,1.1301750946987812
2019-01-28,1.1286792970150012
2019-01-29,1.1280104972665583
2019-01-30,1.1275542508728857
2019-01-31,1.1168565822450067
2019-02-01,1.118163245873988
2019-02-04,1.119692390730944
2019-02-05,1.1245580524448493
2019-02-06,1.1214450221764116
2019-02-07,1.1207418496219004
2019-02-08,1.1145063834507594
2019-02-11,1.1163415624312383
2019-02-12,1.122236234356836
2019-02-13,1.1226024874538634
2019-02-14,1.122117344321061
2019-02-15,1.119978156585897
2019-02-19,1.123413861638274
2019-02-20,1.1224773917237538
2019-02-21,1.1314215490010593
2019-02-22,1.126154724317857
2019-02-25,1.1239700847089344
2019-02-26,1.1244213409375614
2019-02-27,1.1256552739275558
2019-02-28,1.1287077728040091
2019-03-01,1.1291379921250657
2019-03-04,1.129926415256179
2019-03-05,1.128887765489826
2019-03-06,1.131665162458649
2019-03-07,1.1317474932873761
2019-03-08,1.1313860189226599
2019-03-11,1.1373608058889113
2019-03-12,1.1365415243882397
2019-03-13,1.136533143654669
2019-03-14,1.1357383332205453
2019-03-15,1.1337210706517402
2019-03-18,1.135988071692445
2019-03-19,1.1356944445116317
2019-03-20,1.1357993517964462
2019-03-21,1.1331923720489707
2019-03-22,1.1255768519046843
2019-03-25,1.1255804511055427
2019-03-26,1.1276543389713138
2019-03-27,1.1256551403127473
2019-03-28,1.1294796445818298
2019-03-29,1.1304421691068662
2019-04-01,1.1446963196690023
2019-04-02,1.146661178030881
2019-04-03,1.1429549678837896
2019-04-04,1.1505101230697887
2019-04-05,1.1464692752951302
2019-04-08,1.1475327973114708
2019-04-09,1.1455033853626777
2019-04-10,1.1451463696443802
2019-04-11,1.151471502594871
2019-04-12,1.1778026984039918
2019-04-15,1.1787206102432912
2019-04-16,1.1784167090993638
2019-04-17,1.1768112820830383
2019-04-18,1.1783051374034954
2019-04-22,1.177258089053389
2019-04-23,1.1779173674481087
2019-04-24,1.1727157160714297
2019-04-25,1.1747990225317344
2019-04-26,1.176360727471705
2019-04-29,1.178091364808318
2019-04-30,1.1834458188892505
2019-05-01,1.1882243187140835
2019-05-02,1.1896300320326678
2019-05-03,1.1889453671148453
2019-05-06,1.1918389888575514
2019-05-07,1.194461403731641
2019-05-08,1.1983125938063908
2019-05-09,1.1945122006901694
2019-05-10,1.1928131075961574
2019-05-13,1.1978082205425715
2019-05-14,1.1975954721517232
2019-05-15,1.1968331982002616
2019-05-16,1.1897584777223167
2019-05-17,1.1879759578730822
2019-05-20,1.176360924330484
2019-05-21,1.1776400208024367
2019-05-22,1.1776566050888733
2019-05-23,1.1887971835275684
2019-05-24,1.178887759377595
2019-05-28,1.1811088877037041
2019-05-29,1.1759484307799437
2019-05-30,1.1805413600619656
2019-05-31,1.1817070812626462
2019-06-03,1.1833035058759545
2019-06-04,1.1764483699851291
2019-06-05,1.1690220890775558
2019-06-06,1.1716863855290047
2019-06-07,1.177694313861689
2019-06-10,1.1748496889474058
2019-06-11,1.176940211666576
2019-06-12,1.1778671020640854
2019-06-13,1.1809391966655562
2019-06-14,1.1748517490031338
2019-06-17,1.1819836510981452
2019-06-18,1.1882165904494406
2019-06-19,1.1911604345969782
2019-06-20,1.1889607149667762
2019-06-21,1.190369905064558
2019-06-24,1.1942014939458434
2019-06-25,1.1947037898181339
2019-06-26,1.1955072699750304
2019-06-27,1.1957188161324281
2019-06-28,1.1960525048903758
2019-07-01,1.194229041967293
2019-07-02,1.1933793381874862
2019-07-03,1.193011697001698
2019-07-05,1.1923090362550672
2019-07-08,1.1921811829728046
2019-07-09,1.1942134905055546
2019-07-10,1.1936827021348517
2019-07-11,1.189240690594854
2019-07-12,1.1878423306082873
2019-07-15,1.1880033506210934
2019-07-16,1.1884907434190939
2019-07-17,1.1878343723672962
2019-07-18,1.1880095455929216
2019-07-19,1.1907884465453227
2019-07-22,1.1910883083946937
2019-07-23,1.1799478988964762
2019-07-24,1.1823934571703074
2019-07-25,1.1848731963315073
2019-07-26,1.180038450567537
2019-07-29,1.1810644243457704
2019-07-30,1.1837533282711965
2019-07-31,1.1883646539685218
2019-08-01,1.1912046739419888
2019-08-02,1.1919300437608316
2019-08-05,1.191192067937223
2019-08-06,1.190721153769821
2019-08-07,1.1873538078993644
2019-08-08,1.1876284563050559
2019-08-09,1.1855910735059214
2019-08-12,1.1861469243418596
2019-08-13,1.1886553317422264
2019-08-14,1.189137776062005
2019-08-15,1.1898838491591028
2019-08-16,1.190818920541802
2019-08-19,1.183050504502398
2019-08-20,1.181116222415522
2019-08-21,1.18079340345261
2019-08-22,1.1841391047492194
2019-08-23,1.1785054465300016
2019-08-26,1.1780520765643352
2019-08-27,1.1737061061257374
2019-08-28,1.1787458358445428
2019-08-29,1.1857485078050656
2019-08-30,1.1877577218359847
2019-09-03,1.1875955073400548
2019-09-04,1.1840718951850382
2019-09-05,1.1869776166847434
2019-09-06,1.191497543909248
2019-09-09,1.2087456204937155
2019-09-10,1.2172044258262331
2019-09-11,1.2148431282151164
2019-09-12,1.216226760281004
2019-09-13,1.2176419696257648
2019-09-16,1.2184315604620868
2019-09-17,1.2176110926999262
2019-09-18,1.217697867182356
2019-09-19,1.2175850397872414
2019-09-20,1.2212502731911834
2019-09-23,1.220026472892415
2019-09-24,1.2209085195643556
2019-09-25,1.2215294052898222
2019-09-26,1.2257173009552913
2019-09-27,1.226914608738449
2019-09-30,1.226710122970326
2019-10-01,1.2302189215252592
2019-10-02,1.2290276398162059
2019-10-03,1.2299748372427346
2019-10-04,1.2288692635794902
2019-10-07,1.2297773120386388
2019-10-08,1.2301198789097736
2019-10-09,1.2304549778616776
2019-10-10,1.2301574034968998
2019-10-11,1.232714609860018
2019-10-14,1.2323895405676446
2019-10-15,1.2323016837391834
2019-10-16,1.231734358098857
2019-10-17,1.2335359456688366
2019-10-18,1.2335706459825089
2019-10-21,1.234305075729088
2019-10-22,1.2338936407038452
2019-10-23,1.2306040344732272
2019-10-24,1.236664914907598
2019-10-25,1.2399774718861996
2019-10-28,1.24300575131718
2019-10-29,1.241095131710092
2019-10-30,1.245229305263065
2019-10-31,1.2480656322082138
2019-11-01,1.2365450280492094
2019-11-04,1.2394765943492836
2019-11-05,1.2348629616163957
2019-11-06,1.2334623092218755
2019-11-07,1.2314407456225185
2019-11-08,1.2294488890484967
2019-11-11,1.233150535633326
2019-11-12,1.2366045873310085
2019-11-13,1.2427601979864389
2019-11-14,1.2452285162624332
2019-11-15,1.2324428782071892
2019-11-18,1.238451017285892
2019-11-19,1.238040975186692
2019-11-20,1.2467052437084105
2019-11-21,1.241658259840845
2019-11-22,1.2386754411670942
2019-11-25,1.248197879534841
2019-11-26,1.2501803646125587
2019-11-27,1.250780247490546
2019-11-29,1.2487509114211723
2019-12-02,1.2425703391937022
2019-12-03,1.2478260448294598
2019-12-04,1.2348420414412742
2019-12-05,1.2275539178886192
2019-12-06,1.2220650876380998
2019-12-09,1.2263608246968467
2019-12-10,1.2262703330706584
2019-12-11,1.2298695453634674
2019-12-12,1.2226762733876506
2019-12-13,1.2300573290679526
2019-12-16,1.2280680736633558
2019-12-17,1.2289487590881718
2019-12-18,1.230768139196915
2019-12-19,1.239241394116338
2019-12-20,1.2442530364191593
2019-12-23,1.2437235521843302
2019-12-24,1.242298048523686
2019-12-26,1.2367963907697344
2019-12-27,1.234354536308272
2019-12-30,1.2326531807789562
2019-12-31,1.2318830461434565
2020-01-02,1.2284769924458716
2020-01-03,1.233263465275569
2020-01-06,1.2346131291451576
2020-01-07,1.2473384885388297
2020-01-08,1.2473384885388297
2020-01-09,1.2473384885388297
2020-01-10,1.24713059879074
2020-01-13,1.2459506048036828
2020-01-14,1.248072618231874
2020-01-15,1.2464737607722538
2020-01-16,1.2447872257116874
2020-01-17,1.2433163803795697
2020-01-21,1.2437646942182117
2020-01-22,1.241508861974034
2020-01-23,1.2422169168846813
2020-01-24,1.2400546682905629
2020-01-27,1.2474960670058304
2020-01-28,1.255181431895344
2020-01-29,1.2583029700772295
2020-01-30,1.261272661339078
2020-01-31,1.2548267638766266
2020-02-03,1.2594681177607372
2020-02-04,1.2639455867733338
2020-02-05,1.2738406173059234
2020-02-06,1.2726870378047352
2020-02-07,1.269545883242744
2020-02-10,1.2621085975241435
2020-02-11,1.256897565355527
2020-02-12,1.25876791728052
2020-02-13,1.2600155723814288
2020-02-14,1.2603194796353632
2020-02-18,1.246436631117216
2020-02-19,1.2398906479791096
2020-02-20,1.2449736363283914
2020-02-21,1.2485293006046068
2020-02-24,1.2546871899269911
2020-02-25,1.2410984171762962
2020-02-26,1.2400724896751063
2020-02-27,1.2393342297847532
2020-02-28,1.2003256909239346
2020-03-02,1.2217207472071046
2020-03-03,1.2009752978380543
2020-03-04,1.2009238140521206
2020-03-05,1.1767572728239375
2020-03-06,1.1526742080674104
2020-03-09,1.0952399624388771
2020-03-10,1.1314356444226714
2020-03-11,1.1144509554098092
2020-03-12,1.0734508087757932
2020-03-13,1.1576643264832656
2020-03-16,1.1074471694782961
2020-03-17,1.1065497583622401
2020-03-18,1.0168967115804868
2020-03-19,1.007928690787039
2020-03-20,0.9918784736304175
2020-03-23,0.9440855064246739
2020-03-24,1.0255598074502226
2020-03-25,1.074180902160702
2020-03-26,1.119293747779063
2020-03-27,1.0712088057192175
2020-03-30,1.0803770859351505
2020-03-31,1.053959972385687
2020-04-01,1.020492752225467
2020-04-02,1.0400528660668933
2020-04-03,1.03097419798799
2020-04-06,1.0698537294103332
2020-04-07,1.0798335538485913
2020-04-08,1.1078745499724674
2020-04-09,1.164317124067958
2020-04-13,1.1088151545396885
2020-04-14,1.081846231859616
2020-04-15,1.0418874793182324
2020-04-16,0.9925707460266023
2020-04-17,1.0529298939547493
2020-04-20,1.0258710362626928
2020-04-21,1.0189948366182378
2020-04-22,1.0189471543449182
2020-04-23,1.016956939997766
2020-04-24,1.0236731423504857
2020-04-27,1.0522222147760103
2020-04-28,1.0644481467523972
2020-04-29,1.086252279528191
2020-04-30,1.0719588695339888
2020-05-01,1.0750623873999003
2020-05-04,1.0615951982767664
2020-05-05,1.0590518916832734
2020-05-06,1.0445089292716325
2020-05-07,1.0461817813925667
2020-05-08,1.0560748047882813
2020-05-11,1.0313482376130878
2020-05-12,1.0176874477228208
2020-05-13,0.9973434606289902
2020-05-14,1.0113860037599804
2020-05-15,0.9905001302991576
2020-05-18,1.0183909482473172
2020-05-19,1.0060514443690602
2020-05-20,1.0237582510692265
2020-05-21,1.0209950267960093
2020-05-22,1.0121854549960254
2020-05-26,1.0535145573607152
2020-05-27,1.0535145573607152
2020-05-28,1.0535145573607152
2020-05-29,1.0535145573607152
2020-06-01,1.0535145573607152
2020-06-02,1.0535145573607152
2020-06-03,1.0535145573607152
2020-06-04,1.0535145573607152
2020-06-05,1.0535145573607152
2020-06-08,1.0533389716011552
2020-06-09,1.0715829025641848
2020-06-10,1.0995169699983107
2020-06-11,1.133807109948119
2020-06-12,1.133807109948119
2020-06-15,1.133807109948119
2020-06-16,1.133807109948119
2020-06-17,1.133807109948119
2020-06-18,1.133807109948119
2020-06-19,1.133807109948119
2020-06-22,1.133807109948119
2020-06-23,1.133807109948119
2020-06-24,1.133807109948119
2020-06-25,1.133807109948119
2020-06-26,1.133807109948119
2020-06-29,1.133807109948119
2020-06-30,1.133807109948119
2020-07-01,1.133807109948119
2020-07-02,1.133618142096461
2020-07-06,1.1260371222736911
2020-07-07,1.1298022217143233
2020-07-08,1.12598984378656
2020-07-09,1.120230072419204
2020-07-10,1.119471221763858
2020-07-13,1.1223066220659028
2020-07-14,1.1238533216329236
2020-07-15,1.128673218120999
2020-07-16,1.129538162783535
2020-07-17,1.1324321318266617
2020-07-20,1.1190460148894044
2020-07-21,1.1207949807598914
2020-07-22,1.122211265344916
2020-07-23,1.125662958224347
2020-07-24,1.1233472328369873
2020-07-27,1.1218194733420221
2020-07-28,1.1235604127088554
2020-07-29,1.1230300172563856
2020-07-30,1.122290854037154
2020-07-31,1.1208507258739586
2020-08-03,1.1210746546384305
2020-08-04,1.1191924557699555
2020-08-05,1.1110048206145455
2020-08-06,1.1186447952260097
2020-08-07,1.1219647177911736
2020-08-10,1.1242279578133183
2020-08-11,1.123079813466744
2020-08-12,1.1213122739798367
2020-08-13,1.1219048915367522
2020-08-14,1.1213024516729753
2020-08-17,1.1200472814204765
2020-08-18,1.1152602505340037
2020-08-19,1.1207547908949942
2020-08-20,1.1231250505462649
2020-08-21,1.123112969211426
2020-08-24,1.1223616299388375
2020-08-25,1.1235656006185206
2020-08-26,1.1276111334507668
2020-08-27,1.1257154602811132
2020-08-28,1.1248532867000622
2020-08-31,1.1276724789703954
2020-09-01,1.1312574806193212
2020-09-02,1.1323588821397348
2020-09-03,1.13801540055037
2020-09-04,1.1402400154558785
2020-09-08,1.1391913323718728
2020-09-09,1.1364147740238972
2020-09-10,1.1371149723001266
2020-09-11,1.1351280894279665
2020-09-14,1.1308141991131866
2020-09-15,1.1315766791447472
2020-09-16,1.1274728835079335
2020-09-17,1.130422570641407
2020-09-18,1.1317711352663495
2020-09-21,1.1399819856282416
2020-09-22,1.1268489986227708
2020-09-23,1.1333603008902409
2020-09-24,1.1266223919530185
2020-09-25,1.1227514627846906
2020-09-28,1.1361023857467851
2020-09-29,1.1275355463908905
2020-09-30,1.1287676030750495
2020-10-01,1.1310994494288242
2020-10-02,1.1463869228606616
2020-10-05,1.150498336400068
2020-10-06,1.1441997958705148
2020-10-07,1.148014644016904
2020-10-08,1.1603939288960552
2020-10-09,1.1591036452565335
2020-10-12,1.16208347239536
2020-10-13,1.1674267801129625
2020-10-14,1.1696291617499162
2020-10-15,1.1683841787967861
2020-10-16,1.1721839586091494
2020-10-19,1.174765366980895
2020-10-20,1.1755483051486573
2020-10-21,1.1753543646419486
2020-10-22,1.1747622199094083
2020-10-23,1.176930270997844
2020-10-26,1.1767341159526776
2020-10-27,1.1743500879310715
2020-10-28,1.1641682867487075
2020-10-29,1.1635198819871233
2020-10-30,1.1659376097412637
2020-11-02,1.165865865386671
2020-11-03,1.1675252681359327
2020-11-04,1.1708670041248834
2020-11-05,1.1748054884808228
2020-11-06,1.1700802718932437
2020-11-09,1.1951350390143483
2020-11-10,1.1738485917215542
2020-11-11,1.1974825326037841
2020-11-12,1.2067959745548138
2020-11-13,1.1990699227161927
2020-11-16,1.1743968665667706
2020-11-17,1.1876500854045413
2020-11-18,1.1988522952526874
2020-11-19,1.1931990419920764
2020-11-20,1.1913887287399039
2020-11-23,1.172768958173882
2020-11-24,1.142890615343322
2020-11-25,1.1597317698850054
2020-11-27,1.163940285415923
2020-11-30,1.1849433899797206
2020-12-01,1.1749909935120566
2020-12-02,1.1671854044964671
2020-12-03,1.166454465946724
2020-12-04,1.1589537376718175
2020-12-07,1.1653876734861586
2020-12-08,1.1636234238712095
2020-12-09,1.1693416055515597
2020-12-10,1.172184753248885
2020-12-11,1.1751177728090083
2020-12-14,1.187777077789199
2020-12-15,1.1795006421925804
2020-12-16,1.1791875720826175
2020-12-17,1.185279559305719
2020-12-18,1.1890359808428885
2020-12-21,1.1666794764053385
2020-12-22,1.176591174969068
2020-12-23,1.1562644816256542
2020-12-24,1.1585639971946367
2020-12-28,1.153375984807001
2020-12-29,1.1555308917949374
2020-12-30,1.1569348059626083
2020-12-31,1.1477541122824766
2021-01-04,1.1540025115668318
2021-01-05,1.1551509789321637
2021-01-06,1.1168218250109656
2021-01-07,1.1093439766323427
2021-01-08,1.1078028938914795
2021-01-11,1.1041891455999706
2021-01-12,1.0950675852065472
2021-01-13,1.0935636394718495
2021-01-14,1.081876642907939
2021-01-15,1.0878309557463188
2021-01-19,1.0932854798232585
2021-01-20,1.1005656356550673
2021-01-21,1.1125789931454224
2021-01-22,1.1136919853149845
2021-01-25,1.1208967218249837
2021-01-26,1.1218681281485543
2021-01-27,1.1297865489427892
2021-01-28,1.1227305145257052
2021-01-29,1.122203571587041
2021-02-01,1.119351875813207
2021-02-02,1.1144197890163903
2021-02-03,1.1077279025492404
2021-02-04,1.10419909492233
2021-02-05,1.1052230048975307
2021-02-08,1.1071758297608552
2021-02-09,1.1072748025368238
2021-02-10,1.1172782144614757
2021-02-11,1.1348950328330716
2021-02-12,1.1208495260442357
2021-02-16,1.1131613709329928
2021-02-17,1.106567874111405
2021-02-18,1.1083203114893394
2021-02-19,1.0970711807635483
2021-02-22,1.0940269459450014
2021-02-23,1.086757677903128
2021-02-24,1.0845114518658199
2021-02-25,1.0762369849868856
2021-02-26,1.0905642454914586
2021-03-01,1.0824324631463156
2021-03-02,1.078956889705011
2021-03-03,1.0609487593479592
2021-03-04,1.0654120567977154
2021-03-05,1.0647011040791488
2021-03-08,1.0453937220918073
2021-03-09,1.0629990010702344
2021-03-10,1.05071973524621
2021-03-11,1.062797815535674
2021-03-12,1.0547447257927478
2021-03-15,1.0589013932938003
2021-03-16,1.0670135100285916
2021-03-17,1.0645914670234162
2021-03-18,1.0493291198221129
2021-03-19,1.0623891852785097
2021-03-22,1.0837365354979875
2021-03-23,1.0918857369425625
2021-03-24,1.0796453598436913
2021-03-25,1.0706966753055451
2021-03-26,1.066325119697427
2021-03-29,1.0768316418833508
2021-03-30,1.0713280841526478
2021-03-31,1.0882398603051933
2021-04-01,1.0930457291434448
2021-04-05,1.0914102800530598
2021-04-06,1.0925563659289936
2021-04-07,1.0880356353816412
2021-04-08,1.0913351949715675
2021-04-09,1.0926040153497936
2021-04-12,1.1025879669448617
2021-04-13,1.1036550600822037
2021-04-14,1.1038029051043448
2021-04-15,1.1036380533297063
2021-04-16,1.1032183520836152
2021-04-19,1.1022128427231603
2021-04-20,1.1018590995721065
2021-04-21,1.1004457399787677
2021-04-22,1.1001213356433035
2021-04-23,1.1004115590144887
2021-04-26,1.102790420535942
2021-04-27,1.1018888174539279
2021-04-28,1.1014546477004046
2021-04-29,1.0995605036092273
2021-04-30,1.1006432503436427
2021-05-03,1.0996997908805755
2021-05-04,1.1011975602423112
2021-05-05,1.1019389332033993
2021-05-06,1.1016095861100361
2021-05-07,1.1013066648466499
2021-05-10,1.1008270182927322
2021-05-11,1.103877718836543
2021-05-12,1.1034067551057951
2021-05-13,1.100946663550863
2021-05-14,1.099535966344459
2021-05-17,1.0998304339009615
2021-05-18,1.1013077291474647
2021-05-19,1.1019585064169388
2021-05-20,1.1036773720888966
2021-05-21,1.1043244453775944
2021-05-24,1.1051487409618934
2021-05-25,1.1024146284380272
2021-05-26,1.1004028497953884
2021-05-27,1.0970314261813396
2021-05-28,1.0994170069650464
2021-06-01,1.0994258803532926
2021-06-02,1.1018254542105959
2021-06-03,1.0993883632574037
2021-06-04,1.097223426703468
2021-06-07,1.097577865976214
2021-06-08,1.102247290707862
2021-06-09,1.1031337824985041
2021-06-10,1.1049065922603678
2021-06-11,1.104946889407191
2021-06-14,1.1058792273209248
2021-06-15,1.109117646845209
2021-06-16,1.1082278929072422
2021-06-17,1.1077347552177483
2021-06-18,1.0959190715767122
2021-06-21,1.1099280643066878
2021-06-22,1.1058080471900882
2021-06-23,1.10404256918997
2021-06-24,1.1039985184152128
2021-06-25,1.1158388153110674
2021-06-28,1.1021017692509243
2021-06-29,1.0974316954605232
2021-06-30,1.1033771618449622
2021-07-01,1.1124809819603687
2021-07-02,1.1083203635720764
2021-07-06,1.09615789501429
2021-07-07,1.0978555821947784
2021-07-08,1.0922364139429832
2021-07-09,1.1130512203223955
2021-07-12,1.1213646131653094
2021-07-13,1.121844839243155
2021-07-14,1.1282512100029478
2021-07-15,1.1369138376754166
2021-07-16,1.13148437266551
2021-07-19,1.1019124598349348
2021-07-20,1.1198510871660736
2021-07-21,1.130564892228324
2021-07-22,1.119853363437648
2021-07-23,1.1292080067755843
2021-07-26,1.1348985786456036
2021-07-27,1.1338522511303886
2021-07-28,1.1319383414459243
2021-07-29,1.137028831428758
2021-07-30,1.1340009729181817
2021-08-02,1.1297480985817374
2021-08-03,1.1338555789277447
2021-08-04,1.1244318156553252
2021-08-05,1.1278073837448965
2021-08-06,1.1476200528689804
2021-08-09,1.145383458978038
2021-08-10,1.144937567230142
2021-08-11,1.1436973314419028
2021-08-12,1.1426691170957555
2021-08-13,1.1418603741467301
2021-08-16,1.1415943306853682
2021-08-17,1.1420181355546308
2021-08-18,1.1415311003102737
2021-08-19,1.1372107383103072
2021-08-20,1.1330347044433178
2021-08-23,1.136127731852161
2021-08-24,1.1372983076583725
2021-08-25,1.136126298009644
2021-08-26,1.1339483938669397
2021-08-27,1.135243659897378
2021-08-30,1.1323336922736913
2021-08-31,1.1291452661279007
2021-09-01,1.1318569621647456
2021-09-02,1.1286201437966514
2021-09-03,1.12659273442658
2021-09-07,1.1308178015263026
2021-09-08,1.1350982224664756
2021-09-09,1.1379206805289899
2021-09-10,1.1363481532993132
2021-09-13,1.1360844293136196
2021-09-14,1.133900081992026
2021-09-15,1.1313995614011003
2021-09-16,1.1321024910590323
2021-09-17,1.1323304563154923
2021-09-20,1.1326174965596678
2021-09-21,1.1311389372849243
2021-09-22,1.1330396119552226
2021-09-23,1.1385248708995648
2021-09-24,1.1407976298380105
2021-09-27,1.1416785915416432
2021-09-28,1.1362970561761077
2021-09-29,1.134884885878541
2021-09-30,1.1425213732747408
2021-10-01,1.1331014945830238
2021-10-04,1.1253378457358671
2021-10-05,1.1221376192561583
2021-10-06,1.1260394670599394
2021-10-07,1.1254383408638589
2021-10-08,1.123340544636778
2021-10-11,1.1345861051559873
2021-10-12,1.1379598166680718
2021-10-13,1.1538404677376422
2021-10-14,1.1526821331473327
2021-10-15,1.1423718565361207
2021-10-18,1.1473350349460012
2021-10-19,1.1410079305471506
2021-10-20,1.131889971608222
2021-10-21,1.1405576995099858
2021-10-22,1.132087985894294
2021-10-25,1.1415938215982617
2021-10-26,1.1476392858802165
2021-10-27,1.1449448037822636
2021-10-28,1.1359025043628683
2021-10-29,1.139758012809765
2021-11-01,1.1488745331657937
2021-11-02,1.143358795759037
2021-11-03,1.1386628852104355
2021-11-04,1.1349060230394625
2021-11-05,1.1417397612363551
2021-11-08,1.1467194711888684
2021-11-09,1.1342062589646953
2021-11-10,1.141272174699052
2021-11-11,1.1364133639873488
2021-11-12,1.1369634067415217
2021-11-15,1.1362507680219003
2021-11-16,1.1341937516663285
2021-11-17,1.1277890279549585
2021-11-18,1.123225928677043
2021-11-19,1.111276576996443
2021-11-22,1.126813444514463
2021-11-23,1.1431998630014055
2021-11-24,1.1387569104930682
2021-11-26,1.1263011482842964
2021-11-29,1.1115659886405929
2021-11-30,1.0997998008573742
2021-12-01,1.0989078808247934
2021-12-02,1.1167574424031719
2021-12-03,1.1188658684925525
2021-12-06,1.140027790759224
2021-12-07,1.130403437475109
2021-12-08,1.1313386172785584
2021-12-09,1.144149753561844
2021-12-10,1.1447237752410693
2021-12-13,1.1463418459774144
2021-12-14,1.1513218280702209
2021-12-15,1.1379051367960364
2021-12-16,1.1567941999677052
2021-12-17,1.1508585950470778
2021-12-20,1.1390478342069537
2021-12-21,1.137132604504793
2021-12-22,1.1361500847509918
2021-12-23,1.1372233296258827
2021-12-27,1.1296173132989082
2021-12-28,1.1339921821875658
2021-12-29,1.1356208697429262
2021-12-30,1.1383625400076913
2021-12-31,1.1384689577240426
2022-01-03,1.1468665070090691
2022-01-04,1.1711219851416914
2022-01-05,1.1688593656075996
2022-01-06,1.171011095386571
2022-01-07,1.1712983643134092
2022-01-10,1.1711100112767932
2022-01-11,1.173886502318816
2022-01-12,1.1726590956512468
2022-01-13,1.1680086091418929
2022-01-14,1.164592248481949
2022-01-18,1.1676526942895484
2022-01-19,1.1632198230442747
2022-01-20,1.1590050428892236
2022-01-21,1.1533351730923775
2022-01-24,1.1548566868369403
2022-01-25,1.15224262659478
2022-01-26,1.1532254832290876
2022-01-27,1.153898938490705
2022-01-28,1.1549094713557662
2022-01-31,1.15750272252663
2022-02-01,1.1592525174954713
2022-02-02,1.1550341858855693
2022-02-03,1.16639204650408
2022-02-04,1.1735276430932273
2022-02-07,1.1665166017469175
2022-02-08,1.160161236029181
2022-02-09,1.169224623746497
2022-02-10,1.1683209858698573
2022-02-11,1.173197342582596
2022-02-14,1.166206623400035
2022-02-15,1.1657153388100918
2022-02-16,1.1609158321875896
2022-02-17,1.1568969136105323
2022-02-18,1.1579706755095598
2022-02-22,1.1600846384817298
2022-02-23,1.1675702231525453
2022-02-24,1.1701515873628459
2022-02-25,1.1636372776366748
2022-02-28,1.1666913191876696
2022-03-01,1.1597507882519018
2022-03-02,1.163075011362038
2022-03-03,1.164383135322136
2022-03-04,1.1583113808638272
2022-03-07,1.1579315317344137
2022-03-08,1.1470799279527646
2022-03-09,1.154100622130606
2022-03-10,1.1368880159163242
2022-03-11,1.125303461532747
2022-03-14,1.1414198353546092
2022-03-15,1.1347717995441602
2022-03-16,1.147103047434889
2022-03-17,1.1496738956528334
2022-03-18,1.1340353869403392
2022-03-21,1.1294381561662044
2022-03-22,1.142462388894481
2022-03-23,1.1373166657950484
2022-03-24,1.126626271154981
2022-03-25,1.1326565560306805
2022-03-28,1.1190808282167934
2022-03-29,1.1238916750695997
2022-03-30,1.1320825582356062
2022-03-31,1.1196248169607022
2022-04-01,1.1183927190051453
2022-04-04,1.1154876472334656
2022-04-05,1.122663555547498
2022-04-06,1.1291652355533477
2022-04-07,1.1302540098004807
2022-04-08,1.1492673604362778
2022-04-11,1.1567751538944933
2022-04-12,1.1578839350608283
2022-04-13,1.1567604190560958
2022-04-14,1.1584395095175404
2022-04-18,1.156961896788557
2022-04-19,1.1580393651785996
2022-04-20,1.1575616314049415
2022-04-21,1.1646346316385854
2022-04-22,1.1657060748124948
2022-04-25,1.164729518486216
2022-04-26,1.1667699074880664
2022-04-27,1.169836180496773
2022-04-28,1.167324784297846
2022-04-29,1.171471071299447
2022-05-02,1.1692299179833587
2022-05-03,1.1659624422717194
2022-05-04,1.162738691473085
2022-05-05,1.1545100686229004
2022-05-06,1.1551613026523617
2022-05-09,1.1495660984650806
2022-05-10,1.151047585082513
2022-05-11,1.1530451407918492
2022-05-12,1.1543661138833452
2022-05-13,1.1609482398746855
2022-05-16,1.156280069651372
2022-05-17,1.1627214943738962
2022-05-18,1.1547870271543723
2022-05-19,1.1557265206323823
2022-05-20,1.154860605640817
2022-05-23,1.1530084211098197
2022-05-24,1.1390203788059603
2022-05-25,1.1480051121758876
2022-05-26,1.1508637636953885
2022-05-27,1.1580187834527234
2022-05-31,1.1617473929012474
2022-06-01,1.1735987857404813
2022-06-02,1.1774110206135588
2022-06-03,1.1768404852926735
2022-06-06,1.179465740625307
2022-06-07,1.1793931712140326
2022-06-08,1.1858827278916724
2022-06-09,1.1919194982732568
2022-06-10,1.2071504291413315
2022-06-13,1.2069492374031414
2022-06-14,1.206644471624261
2022-06-15,1.205602336043374
2022-06-16,1.1988475769864941
2022-06-17,1.1985552532735941
2022-06-21,1.2014049468765007
2022-06-22,1.1982391711623523
2022-06-23,1.196563509801309
2022-06-24,1.1988372303904795
2022-06-27,1.1986117771773634
2022-06-28,1.1973392136429835
2022-06-29,1.1992052483520073
2022-06-30,1.20055155878442
2022-07-01,1.2040161720448836
2022-07-05,1.2022578762324703
2022-07-06,1.2020754989658078
2022-07-07,1.2023629170487675
2022-07-08,1.199610188293026
2022-07-11,1.1976234419644087
2022-07-12,1.1952769097990805
2022-07-13,1.1944252723345334
2022-07-14,1.1931675183541908
2022-07-15,1.215622587054769
2022-07-18,1.2073793710447394
2022-07-19,1.213500581350343
2022-07-20,1.2056428180842043
2022-07-21,1.2081553645286225
2022-07-22,1.2136271618647352
2022-07-25,1.220374488552917
2022-07-26,1.2158844064667447
2022-07-27,1.2129091077944734
2022-07-28,1.2081246463328181
2022-07-29,1.1981075647129273
2022-08-01,1.189082064509526
2022-08-02,1.1809437516542551
2022-08-03,1.1816687727548858
2022-08-04,1.1687743816794862
2022-08-05,1.1887135241850169
2022-08-08,1.1981707916672435
2022-08-09,1.212331339064302
2022-08-10,1.2122361329604165
2022-08-11,1.214563286692157
2022-08-12,1.2124265356491997
2022-08-15,1.2132083357749388
2022-08-16,1.2097979128984238
2022-08-17,1.2119042451489546
2022-08-18,1.2104150704200758
2022-08-19,1.212635701489697
2022-08-22,1.219487283387488
2022-08-23,1.2160071920115556
2022-08-24,1.2176463900511163
2022-08-25,1.2161411296206632
2022-08-26,1.2243085506878335
2022-08-29,1.2238392976040067
2022-08-30,1.2239656983655949
2022-08-31,1.2315478197793113
2022-09-01,1.231472091883712
2022-09-02,1.2282397378525212
2022-09-06,1.2262378094976705
2022-09-07,1.2144600933984038
2022-09-08,1.2051894843151836
2022-09-09,1.2079225176176758
2022-09-12,1.197526105478984
2022-09-13,1.2022276295146366
2022-09-14,1.1995375081943191
2022-09-15,1.189331032623459
2022-09-16,1.1992762752353505
2022-09-19,1.1982430876351218
2022-09-20,1.2093484785766333
2022-09-21,1.2271497395027307
2022-09-22,1.2202396421892314
2022-09-23,1.2267619443216187
2022-09-26,1.2308943663190746
2022-09-27,1.22301733604648
2022-09-28,1.2217319550121968
2022-09-29,1.2203423091296173
2022-09-30,1.2200161240584328
2022-10-03,1.2228050336431733
2022-10-04,1.2253924546578991
2022-10-05,1.2249971530683421
2022-10-06,1.2186205019290082
2022-10-07,1.221002820909463
2022-10-10,1.221400584915167
2022-10-11,1.2192543735883712
2022-10-12,1.2200823662160019
2022-10-13,1.2245920029934316
2022-10-14,1.2207932546805533
2022-10-17,1.2226396670388051
2022-10-18,1.2139468511807463
2022-10-19,1.2255897942781078
2022-10-20,1.2257760937845579
2022-10-21,1.2012468513137438
2022-10-24,1.2087079062363881
2022-10-25,1.2235074223686888
2022-10-26,1.2063057221285545
2022-10-27,1.2072273411735293
2022-10-28,1.2247287023162856
2022-10-31,1.2156228444340262
2022-11-01,1.2171848261672817
2022-11-02,1.2201108329922923
2022-11-03,1.2258598550984163
2022-11-04,1.2216808365334753
2022-11-07,1.219855812266969
2022-11-08,1.2239199301387982
2022-11-09,1.2240658779773763
2022-11-10,1.2368046245287712
2022-11-11,1.2518565848356442
2022-11-14,1.2488577885093126
2022-11-15,1.2536131467608964
2022-11-16,1.244241804574793
2022-11-17,1.2418780649409138
2022-11-18,1.2283586389530368
2022-11-21,1.2331490934869695
2022-11-22,1.2309884341986443
2022-11-23,1.2308879592320618
2022-11-25,1.2243621397122715
2022-11-28,1.2345301766710453
2022-11-29,1.2179980387019589
2022-11-30,1.2267577551050344
2022-12-01,1.2305186729257478
2022-12-02,1.2268065994661395
2022-12-05,1.2346679305093808
2022-12-06,1.2391831818013515
2022-12-07,1.2393549613487507
2022-12-08,1.2407840297898842
2022-12-09,1.2385967050862876
2022-12-12,1.2423389071731041
2022-12-13,1.2426082336863264
2022-12-14,1.2391214074824914
2022-12-15,1.240724444859067
2022-12-16,1.2330289238196306
2022-12-19,1.232219896370822
2022-12-20,1.229347314717056
2022-12-21,1.2300550597349809
2022-12-22,1.2255388113697767
2022-12-23,1.2267910225148895
2022-12-27,1.2192351551246348
2022-12-28,1.2198017456192563
2022-12-29,1.2201682227956678
2022-12-30,1.219274753008189
2023-01-03,1.2197952353543309
2023-01-04,1.2061586022923252
2023-01-05,1.200412964232623
2023-01-06,1.1943499512403637
2023-01-09,1.1962876984624173
2023-01-10,1.2021991704247033
2023-01-11,1.2112348526039458
2023-01-12,1.2088357965576524
2023-01-13,1.219614553208854
2023-01-17,1.2214744489370435
2023-01-18,1.222230524096516
2023-01-19,1.2163101259674933
2023-01-20,1.220977778823397
2023-01-23,1.2181156795384478
2023-01-24,1.2146807694865658
2023-01-25,1.2158799506646845
2023-01-26,1.2216805631627223
2023-01-27,1.2254114887094676
2023-01-30,1.2215637833565722
2023-01-31,1.2197668053502946
2023-02-01,1.2200008745610882
2023-02-02,1.228586188724585
2023-02-03,1.2269922859687292
2023-02-06,1.2274331083638226
2023-02-07,1.224177492226651
2023-02-08,1.2202692922120857
2023-02-09,1.2182712887694986
2023-02-10,1.2179548403992393
2023-02-13,1.2182437399900075
2023-02-14,1.2207774644342457
2023-02-15,1.2239046591764775
2023-02-16,1.2204871197258573
2023-02-17,1.2178889543157176
2023-02-21,1.2108968810637994
2023-02-22,1.2152241067190739
2023-02-23,1.214297418751647
2023-02-24,1.2200732390047127
2023-02-27,1.2259643652772991
2023-02-28,1.229255074049731
2023-03-01,1.2279645154770604
2023-03-02,1.2156447400202313
2023-03-03,1.2200877525365397
2023-03-06,1.2174140536478588
2023-03-07,1.2015471882604563
2023-03-08,1.1920868132560078
2023-03-09,1.1623782488933228
2023-03-10,1.179628021095679
2023-03-13,1.1726034491996655
2023-03-14,1.1772850701457607
2023-03-15,1.146767916012037
2023-03-16,1.1510494649876866
2023-03-17,1.1308474488361797
2023-03-20,1.1330439584346297
2023-03-21,1.1502845619570559
2023-03-22,1.1290719328800558
2023-03-23,1.1184379756048857
2023-03-24,1.1098487861998836
2023-03-27,1.1320568808392857
2023-03-28,1.136416401438975
2023-03-29,1.1363165607012242
2023-03-30,1.1345448052370473
2023-03-31,1.139602176895479
2023-04-03,1.137303199254764
2023-04-04,1.1349535320376596
2023-04-05,1.1368099775321223
2023-04-06,1.1309032076992793
2023-04-10,1.1303515758372442
2023-04-11,1.1368945943061652
2023-04-12,1.1362630475708513
2023-04-13,1.1450355836974568
2023-04-14,1.1883135064550792
2023-04-17,1.1885748086235428
2023-04-18,1.1876287684111642
2023-04-19,1.1921875220799614
2023-04-20,1.1918702321621641
2023-04-21,1.1929119505914485
2023-04-24,1.1929892425634263
2023-04-25,1.1934848779989637
2023-04-26,1.1933606838426332
2023-04-27,1.194732758986437
2023-04-28,1.1939349308917542
2023-05-01,1.1944661327404729
2023-05-02,1.1999860927518253
2023-05-03,1.2046601829038797
2023-05-04,1.2077693796012152
2023-05-05,1.2145926894604961
2023-05-08,1.2132985110829386
2023-05-09,1.2164866273856632
2023-05-10,1.2207361514768764
2023-05-11,1.2219282789633028
2023-05-12,1.2236092656512672
2023-05-15,1.2247073928030356
2023-05-16,1.2227819038501697
2023-05-17,1.2210301785161466
2023-05-18,1.217572651476734
2023-05-19,1.221177043518004
2023-05-22,1.2144651915285671
2023-05-23,1.218334951946318
2023-05-24,1.2155625261301335
2023-05-25,1.2090984309284496
2023-05-26,1.2085989796134509
2023-05-30,1.2003243581963905
2023-05-31,1.2030913763460047
2023-06-01,1.2056616567850107
2023-06-02,1.2261883046173478
2023-06-05,1.2174688500206847
2023-06-06,1.2256918446381107
2023-06-07,1.242760598708875
2023-06-08,1.2291271092114688
2023-06-09,1.2311040518557193
2023-06-12,1.225548157407267
2023-06-13,1.2196847752381883
2023-06-14,1.2108118900846259
2023-06-15,1.222374551137448
2023-06-16,1.2279826987003846
2023-06-20,1.2191895578541438
2023-06-21,1.2249331756360153
2023-06-22,1.2128036285274173
2023-06-23,1.2140065749977003
2023-06-26,1.2248343882636257
2023-06-27,1.2170396620520891
2023-06-28,1.2154757043015185
2023-06-29,1.2398123924612003
2023-06-30,1.2411740705743337
2023-07-03,1.2474243376300336
2023-07-05,1.2485077065077255
2023-07-06,1.247171181192523
2023-07-07,1.2456190859964398
2023-07-10,1.2439372637025163
2023-07-11,1.2461771357025935
2023-07-12,1.2471570765853885
2023-07-13,1.2495938679173344
2023-07-14,1.2498017120615788
2023-07-17,1.2497508477389965
2023-07-18,1.2482684209235158
2023-07-19,1.2512159079123042
2023-07-20,1.2514877025115505
2023-07-21,1.2491129340594296
2023-07-24,1.2472982132766302
2023-07-25,1.2465686927805566
2023-07-26,1.247106439264894
2023-07-27,1.2512033079848544
2023-07-28,1.2526053132186825
2023-07-31,1.2516949813537306
2023-08-01,1.2525823890902736
2023-08-02,1.2538523894498603
2023-08-03,1.2580650746182884
2023-08-04,1.2768537410256735
2023-08-07,1.2766409320688359
2023-08-08,1.2782645288616215
2023-08-09,1.2784579643491216
2023-08-10,1.2775663219467563
2023-08-11,1.2762865824190117
2023-08-14,1.272829744329488
2023-08-15,1.2732094811779846
2023-08-16,1.2740700107935954
2023-08-17,1.2730698668727527
2023-08-18,1.2738179817074111
2023-08-21,1.2723228274309888
2023-08-22,1.2703633071044298
2023-08-23,1.2720496868937292
2023-08-24,1.2745092612034068
2023-08-25,1.2721339672111633
2023-08-28,1.2750097350422538
2023-08-29,1.2753582230443503
2023-08-30,1.2743107842951062
2023-08-31,1.2672046186564097
2023-09-01,1.2651446314486907
2023-09-05,1.2662055536486145
2023-09-06,1.26842757318517
2023-09-07,1.2615107075560688
2023-09-08,1.2594431017204204
2023-09-11,1.2573209904936946
2023-09-12,1.2552780831957484
2023-09-13,1.2518622652027964
2023-09-14,1.2568959770253578
2023-09-15,1.2571582465196238
2023-09-18,1.2624547081979247
2023-09-19,1.2668236833514064
2023-09-20,1.2681209334493189
2023-09-21,1.2651456123071707
2023-09-22,1.264397142707567
2023-09-25,1.2601740607156202
2023-09-26,1.2586208451425842
2023-09-27,1.2562849337206305
2023-09-28,1.2563543697326904
2023-09-29,1.257845663728379
2023-10-02,1.257182644101524
2023-10-03,1.2561753304951404
2023-10-04,1.2572118671397747
2023-10-05,1.2478960259078304
2023-10-06,1.248301135304661
2023-10-09,1.2475936692002227
2023-10-10,1.2512514303848319
2023-10-11,1.2493482714335724
2023-10-12,1.2452344804096422
2023-10-13,1.2466612493288616
2023-10-16,1.24658514767138
2023-10-17,1.248902752383622
2023-10-18,1.2493064560646283
2023-10-19,1.2514699783966743
2023-10-20,1.2530403974449447
2023-10-23,1.2557558548610708
2023-10-24,1.2617243299544865
2023-10-25,1.2595886642242342
2023-10-26,1.2524941104060796
2023-10-27,1.2406301863534845
2023-10-30,1.2481537511143639
2023-10-31,1.2497543842916958
2023-11-01,1.2427383297092043
2023-11-02,1.2448233449177002
2023-11-03,1.246681163444178
2023-11-06,1.247294467661379
2023-11-07,1.2461954260747097
2023-11-08,1.2453700262650298
2023-11-09,1.2458380873692232
2023-11-10,1.2464554737174802
2023-11-13,1.2479897219296554
2023-11-14,1.2490275529657398
2023-11-15,1.2486274107387743
2023-11-16,1.2446514574401049
2023-11-17,1.2495724903612038
2023-11-20,1.2513835997608975
2023-11-21,1.2549975631224153
2023-11-22,1.2544505622375146
2023-11-24,1.2563040139775783
2023-11-27,1.2525467657300153
2023-11-28,1.254068425550043
2023-11-29,1.2548838025782671
2023-11-30,1.255466641128027
2023-12-01,1.2558223936395299
2023-12-04,1.2452510730443072
2023-12-05,1.2501917024495222
2023-12-06,1.254370486569817
2023-12-07,1.2574790277027554
2023-12-08,1.2542419094176362
2023-12-11,1.2491781393971608
2023-12-12,1.2479931716279256
2023-12-13,1.2471985107945878
2023-12-14,1.2372879284898401
2023-12-15,1.2355673256100275
2023-12-18,1.2392207506072386
2023-12-19,1.2290381123097764
2023-12-20,1.2297680422147024
2023-12-21,1.2300237115498447
2023-12-22,1.2297193648491842
2023-12-26,1.2279866598507874
2023-12-27,1.224896417968326
2023-12-28,1.2220931861397797
2023-12-29,1.2228071076567995
2024-01-02,1.2101550089641726
2024-01-03,1.2102702832216805
2024-01-04,1.2080946378474053
2024-01-05,1.209689949269519
2024-01-08,1.223523104228833
2024-01-09,1.2317961942170739
2024-01-10,1.2351784451601189
2024-01-11,1.2395527381564198
2024-01-12,1.243656117421811
2024-01-16,1.253662189546922
2024-01-17,1.253662189546922
2024-01-18,1.253662189546922
2024-01-19,1.253662189546922
2024-01-22,1.253662189546922
2024-01-23,1.253662189546922
2024-01-24,1.253662189546922
2024-01-25,1.253662189546922
2024-01-26,1.253662189546922
2024-01-29,1.253662189546922
2024-01-30,1.253662189546922
2024-01-31,1.253662189546922
2024-02-01,1.2532443021504065
2024-02-02,1.255791916670523
2024-02-05,1.258464087063753
2024-02-06,1.2558357498022625
2024-02-07,1.257082711336018
2024-02-08,1.2568558048358724
2024-02-09,1.26571531913071
2024-02-12,1.2601052609097374
2024-02-13,1.2526094843798123
2024-02-14,1.2490944925641574
2024-02-15,1.241703223575203
2024-02-16,1.2424642523397575
2024-02-20,1.257195189687756
2024-02-21,1.258666471339313
2024-02-22,1.2585557602024322
2024-02-23,1.2583569904177763
2024-02-26,1.2572859801392806
2024-02-27,1.254353646981278
2024-02-28,1.2529425556955647
2024-02-29,1.2593345081137655
2024-03-01,1.2574902356608824
2024-03-04,1.2614991277400927
2024-03-05,1.2559825764317198
2024-03-06,1.2515033396066448
2024-03-07,1.255684418306775
2024-03-08,1.2545614539873287
2024-03-11,1.2619965260027888
2024-03-12,1.264021546938714
2024-03-13,1.2680823524221758
2024-03-14,1.2727165193515735
2024-03-15,1.2717265384510776
2024-03-18,1.269074545359025
2024-03-19,1.268680136424738
2024-03-20,1.2654163520057786
2024-03-21,1.2661729905550627
2024-03-22,1.2687224569464415
2024-03-25,1.2703903100888947
2024-03-26,1.2691745284556164
2024-03-27,1.2683182052888837
2024-03-28,1.265191739011953
2024-04-01,1.2693003290497258
2024-04-02,1.2656036503892492
2024-04-03,1.2666623493154978
2024-04-04,1.2697139614907222
2024-04-05,1.2682571756343488
2024-04-08,1.2683099366960915
2024-04-09,1.270558817703569
2024-04-10,1.2696057701633607
2024-04-11,1.270512913722675
2024-04-12,1.2697664386574994
2024-04-15,1.2729060516090858
2024-04-16,1.2616977109061436
2024-04-17,1.2685727092381438
2024-04-18,1.2739426465532562
2024-04-19,1.31244446265936
2024-04-22,1.3141988407953065
2024-04-23,1.3148578959574755
2024-04-24,1.3153630314356148
2024-04-25,1.3139424754060907
2024-04-26,1.3076300616266132
2024-04-29,1.3020720146052214
2024-04-30,1.3125182008408873
2024-05-01,1.3091829920856812
2024-05-02,1.2998868485864457
2024-05-03,1.2973890651087752
2024-05-06,1.3006241254204685
2024-05-07,1.3039791278017012
2024-05-08,1.3056912706379031
2024-05-09,1.30332464013082
2024-05-10,1.3024886651036873
2024-05-13,1.3022901175326667
2024-05-14,1.3019953914604359
2024-05-15,1.3054999864259327
2024-05-16,1.3067793359486657
2024-05-17,1.3074166049870939
2024-05-20,1.3095846402807199
2024-05-21,1.3096095260612908
2024-05-22,1.3076055974736565
2024-05-23,1.3100217453838618
2024-05-24,1.3124077582153244
2024-05-28,1.309575502168549
2024-05-29,1.3090638264486532
2024-05-30,1.3231885161082937
2024-05-31,1.3395686201965715
2024-06-03,1.3245348828392318
2024-06-04,1.3119748990780058
2024-06-05,1.2919296006024104
2024-06-06,1.2928846127681466
2024-06-07,1.302861851818515
2024-06-10,1.3015340171872292
2024-06-11,1.2846991392665517
2024-06-12,1.2633148610755252
2024-06-13,1.263877962336034
2024-06-14,1.2604018840311755
2024-06-17,1.266679994528048
2024-06-18,1.2673160193226651
2024-06-20,1.2814477761851524
2024-06-21,1.280635973473701
2024-06-24,1.3048727947224235
2024-06-25,1.2859439731370186
2024-06-26,1.2814627554567202
2024-06-27,1.2864078055922934
2024-06-28,1.2980402134243056
2024-07-01,1.3020585143144088
2024-07-02,1.3048134637210087
2024-07-03,1.306111236785775
2024-07-05,1.3047983209846141
2024-07-08,1.303598989536152
2024-07-09,1.3050670296391276
2024-07-10,1.297727550801685
2024-07-11,1.3023697641971197
2024-07-12,1.3045386106468575
2024-07-15,1.3063409353438424
2024-07-16,1.3074043754347418
2024-07-17,1.312702240873506
2024-07-18,1.312483457166694
2024-07-19,1.3126757624451282
2024-07-22,1.3149366089403776
2024-07-23,1.3150389442361694
2024-07-24,1.3106346331561594
2024-07-25,1.3087029743402252
2024-07-26,1.3061106009435135
2024-07-29,1.3073810695988668
2024-07-30,1.3030276577843345
2024-07-31,1.3371568904536286
2024-08-01,1.3273311744244913
2024-08-02,1.3394869725964869
2024-08-05,1.3381454967677533
2024-08-06,1.3312286753891125
2024-08-07,1.3240847653387986
2024-08-08,1.3259897763557942
2024-08-09,1.3283359515137994
2024-08-12,1.3311183790764936
2024-08-13,1.3321221816719828
2024-08-14,1.3338722919568444
2024-08-15,1.341876114852289
2024-08-16,1.3424163839414305
2024-08-19,1.3473441168454876
2024-08-20,1.3516187772113957
2024-08-21,1.3535107023517554
2024-08-22,1.3458440018612645
2024-08-23,1.3493685199805143
2024-08-26,1.3411401352804468
2024-08-27,1.3323244051373953
2024-08-28,1.329478413662677
2024-08-29,1.3265156220757945
2024-08-30,1.335613429571181
2024-09-03,1.3320746091941724
2024-09-04,1.3265094104462292
2024-09-05,1.3427343993983394
2024-09-06,1.3404049392436583
2024-09-09,1.332501265102943
2024-09-10,1.3804152752716712
2024-09-11,1.3870527150199092
2024-09-12,1.386864459668322
2024-09-13,1.3870583340384526
2024-09-16,1.3831777440266813
2024-09-17,1.3828514794848192
2024-09-18,1.3847252686163058
2024-09-19,1.3919998254239745
2024-09-20,1.3899641829415499
2024-09-23,1.3868568497828915
2024-09-24,1.3916191506351243
2024-09-25,1.3909995134781143
2024-09-26,1.390246646550915
2024-09-27,1.3870741561754785
2024-09-30,1.3877533182800235
2024-10-01,1.3850853927866158
2024-10-02,1.3867577113735743
2024-10-03,1.388240559725416
2024-10-04,1.3877764101094523
2024-10-07,1.3919576184752132
2024-10-08,1.3894073800752391
2024-10-09,1.3888859441586918
2024-10-10,1.3906328382154665
2024-10-11,1.3871949044744745
2024-10-14,1.3867418130935167
2024-10-15,1.3848061476090074
2024-10-16,1.3853192232528624
2024-10-17,1.3881496844462973
2024-10-18,1.3874736100479121
2024-10-21,1.388277583441464
2024-10-22,1.3921024409635623
2024-10-23,1.390821738336877
2024-10-24,1.3922681507468733
2024-10-25,1.394652875173485
2024-10-28,1.392700647688269
2024-10-29,1.3909947722163576
2024-10-30,1.3925439698936233
2024-10-31,1.3893505394060943
2024-11-01,1.3860017305557477
2024-11-04,1.3924363361183012
2024-11-05,1.3942350322806947
2024-11-06,1.3730492413457038
2024-11-07,1.4121585398507814
2024-11-08,1.4054402307316227
2024-11-11,1.3884440834791898
2024-11-12,1.3946020178737544
2024-11-13,1.3770451876786745
2024-11-14,1.3752524501809535
2024-11-15,1.3557634335143856
2024-11-18,1.3546773547828943
2024-11-19,1.3722492945400953
2024-11-20,1.3823976743056303
2024-11-21,1.3788776365573276
2024-11-22,1.3622318437597327
2024-11-25,1.3439186980057396
2024-11-26,1.337719375376236
2024-11-27,1.3328299058845323
2024-11-29,1.3371451281565099
2024-12-02,1.3471058992315204
2024-12-03,1.3571943391473822
2024-12-04,1.3629740606295129
2024-12-05,1.3578818403775803
2024-12-06,1.3479867054615
2024-12-09,1.3485274714884832
2024-12-10,1.3478922711657313
2024-12-11,1.3513104111192722
2024-12-12,1.3603276875144263
2024-12-13,1.356906329662281
2024-12-16,1.3525184231037564
2024-12-17,1.3534691855514611
2024-12-18,1.384430049881467
2024-12-19,1.3783774559784578
2024-12-20,1.3740948388633025
2024-12-23,1.378165675654277
2024-12-24,1.3760517210590244
2024-12-26,1.3770420155767216
2024-12-27,1.379683829746199
2024-12-30,1.3800715536372592
2024-12-31,1.380574624694726
2025-01-02,1.3824436733549197
2025-01-03,1.3786514469622173
2025-01-06,1.3783257415725334
2025-01-07,1.38208270972138
2025-01-08,1.3819469472367907
2025-01-10,1.3853170831056774
2025-01-13,1.3860905323243957
2025-01-14,1.386142183035925
2025-01-15,1.386174841519431
2025-01-16,1.3854999030122572
2025-01-17,1.3781610101700084
2025-01-21,1.3713729117769948
2025-01-22,1.3816673759972562
2025-01-23,1.3731402687623289
2025-01-24,1.3669736335922267
2025-01-27,1.3281844349964418
2025-01-28,1.3486942009891383
2025-01-29,1.3383411485683423
2025-01-30,1.3222251055330196
2025-01-31,1.3173299844041353
2025-02-03,1.3080737493704049
2025-02-04,1.3099773809270587
2025-02-05,1.3125516784929394
2025-02-06,1.3058666531886602
2025-02-07,1.3078820978230972
2025-02-10,1.3271891522362569
2025-02-11,1.3149588299660404
2025-02-12,1.302071924681165
2025-02-13,1.302750747279509
2025-02-14,1.3057723152357474
2025-02-18,1.2990052358959132
2025-02-19,1.302676926139029
2025-02-20,1.3353889496813898
2025-02-21,1.3233009312951447
2025-02-24,1.3232391713318634
2025-02-25,1.3239843303542356
2025-02-26,1.3312119821489208
2025-02-27,1.3216091398913756
2025-02-28,1.3198841940446122
2025-03-03,1.3097808193286244
2025-03-04,1.3233809860209014
2025-03-05,1.3303134417880647
2025-03-06,1.330364293199039
2025-03-07,1.3216298065785141
2025-03-10,1.3180401836987625
2025-03-11,1.3263893158473006
2025-03-12,1.3294894280568006
2025-03-13,1.330978455804434
2025-03-14,1.3331929297327585
2025-03-17,1.3287242671785728
2025-03-18,1.3316329143716545
2025-03-19,1.334315469802008
2025-03-20,1.3325671460378201
2025-03-21,1.3372062642431957
2025-03-24,1.3382111238024856
2025-03-25,1.3390384978647518
2025-03-26,1.3337282276999978
2025-03-27,1.3325298521843476
2025-03-28,1.3281352455922368
2025-03-31,1.3192572233329327
2025-04-01,1.320226893159188
2025-04-02,1.3271509305408855
2025-04-03,1.3096755780433313
2025-04-04,1.3154529885775157
2025-04-07,1.3177938665199744
2025-04-08,1.3123832674146738
2025-04-09,1.3206162730405406
2025-04-10,1.3041035298877355
2025-04-11,1.3019883863842459
2025-04-14,1.299091562433263
2025-04-15,1.3012672182662037
2025-04-16,1.3000045789809678
2025-04-17,1.3042177767582106
2025-04-21,1.2969532298687767
2025-04-22,1.299128753082575
2025-04-23,1.3052206166878169
2025-04-24,1.311448572873543
2025-04-25,1.3141264402601076
2025-04-28,1.3162044362165426
2025-04-29,1.3153342794510168
2025-04-30,1.3141101445593162
2025-05-01,1.3142138731988133
2025-05-02,1.317189973789193
2025-05-05,1.3164785066955278
2025-05-06,1.315533428995934
2025-05-07,1.3182527532390176
2025-05-08,1.321783561540151
2025-05-09,1.3244267423116427
2025-05-12,1.3267458379147583
2025-05-13,1.3274593481429429
2025-05-14,1.3277920851742746
2025-05-15,1.3271393549426247
2025-05-16,1.3274479791693536
2025-05-19,1.3269213295763311
2025-05-20,1.327188141731193
2025-05-21,1.3263400656790987
2025-05-22,1.326932069124067
2025-05-23,1.3288850041357632
2025-05-27,1.3300170712411772
2025-05-28,1.3300170712411772
2025-05-29,1.3300170712411772
2025-05-30,1.3300170712411772
2025-06-02,1.3300170712411772
2025-06-03,1.3300170712411772
2025-06-04,1.3300170712411772
2025-06-05,1.3300170712411772
2025-06-06,1.3300170712411772
2025-06-09,1.3300170712411772
2025-06-10,1.3300170712411772
2025-06-11,1.3300170712411772
2025-06-12,1.3300170712411772
2025-06-13,1.3297954017293037
2025-06-16,1.3312286002245046
2025-06-17,1.3318424716813713
2025-06-18,1.3192469558657305
2025-06-20,1.3176861985975117
2025-06-23,1.3191474008991997
2025-06-24,1.324171354612103
2025-06-25,1.3204808737220688
2025-06-26,1.3175162828464366
2025-06-27,1.3197357294351888
2025-06-30,1.3239839428193922
2025-07-01,1.3264772283890824
2025-07-02,1.3255294270198448
2025-07-03,1.326227359891164
2025-07-07,1.3323843282300452
2025-07-08,1.3547369136576028
2025-07-09,1.356928354113401
2025-07-10,1.3567219001789346
2025-07-11,1.3498829951139524
2025-07-14,1.3543629553099352
2025-07-15,1.3523129152921294
2025-07-16,1.3564078028443363
2025-07-17,1.3507983070853755
2025-07-18,1.3448224854674302
2025-07-21,1.3450840627917129
2025-07-22,1.348454218337883
2025-07-23,1.347898327570953
2025-07-24,1.340719338036902
2025-07-25,1.3430706964830414
2025-07-28,1.342212046415573
2025-07-29,1.3468474444437866
2025-07-30,1.3466269999325402
2025-07-31,1.3562909023639296
2025-08-01,1.3677206588503878
2025-08-04,1.3636368605571194
2025-08-05,1.3639838370422628
2025-08-06,1.37602433170563
2025-08-07,1.372334699646495
2025-08-08,1.371359386582734
2025-08-11,1.370292164564494
2025-08-12,1.3647425518143186
2025-08-13,1.3787503285781226
2025-08-14,1.3902829992331636
2025-08-15,1.3886631592292291
2025-08-18,1.3906926393958672
2025-08-19,1.3934253697611418
2025-08-20,1.3915248590779312
2025-08-21,1.3891636688203008
2025-08-22,1.3903335305306894
2025-08-25,1.3922964521435772
2025-08-26,1.395548119722033
2025-08-27,1.394371445940295
2025-08-28,1.3948291755361737
2025-08-29,1.3938487995344297
2025-09-02,1.3927102093822787
2025-09-03,1.3942114003997939
2025-09-04,1.394401396687486
2025-09-05,1.4097057512433029
2025-09-08,1.4137751786189778
2025-09-09,1.4075956630573678
2025-09-10,1.4059698231135562
2025-09-11,1.393266947083159
2025-09-12,1.392967363760486
2025-09-15,1.3870528852764565
2025-09-16,1.3821350798840801
2025-09-17,1.3703464139076578
2025-09-18,1.3738592084196584
2025-09-19,1.3763723977670272
2025-09-22,1.3924108256736758
2025-09-23,1.3866929713433949
2025-09-24,1.38352600197799
2025-09-25,1.3843983086758116
2025-09-26,1.3793139220361907
2025-09-29,1.3848388712887731
2025-09-30,1.3914095667233537
2025-10-01,1.4025859845648554
2025-10-02,1.4115073609289164
2025-10-03,1.4115073609289164
2025-10-06,1.4115073609289164
2025-10-07,1.4115073609289164
2025-10-08,1.4115073609289164
2025-10-09,1.4112721097020948
2025-10-10,1.4102080642747854
2025-10-13,1.4127580557915844
2025-10-14,1.4133818146095511
2025-10-15,1.4139497834278802
2025-10-16,1.4147669330879693
2025-10-17,1.4145040225784715
2025-10-20,1.4159822307772927
2025-10-21,1.4149134377761587
2025-10-22,1.4147071780726834
2025-10-23,1.4143762343234787
2025-10-24,1.4137118602538437
2025-10-27,1.412499844953648
2025-10-28,1.412052696194735
2025-10-29,1.411260290860653
2025-10-30,1.4146731323922626
2025-10-31,1.3989437804601037
2025-11-03,1.3837847319251575
2025-11-04,1.3912729458747715
2025-11-05,1.394993381761833
2025-11-06,1.403065185769872
2025-11-07,1.4020755642640947
2025-11-10,1.3994104445804447
2025-11-11,1.3992433872798207
2025-11-12,1.4000987902104778
2025-11-13,1.4089615137605154
2025-11-14,1.406545212285128
2025-11-17,1.401642337147277
2025-11-18,1.4096892581028484
2025-11-19,1.4103663115863523
2025-11-20,1.4154424230773592
2025-11-21,1.419453092638829
2025-11-24,1.4191446270623045
2025-11-25,1.4211059607516088
2025-11-26,1.4222366459569615
2025-11-28,1.4221454938071603
2025-12-01,1.4211196801405765
2025-12-02,1.4201741104241943
2025-12-03,1.4192223715879297
2025-12-04,1.429136702338175
2025-12-05,1.4264571738553742
2025-12-08,1.425214057268409
2025-12-09,1.4216010156744543
2025-12-10,1.4244468803653498
2025-12-11,1.4233649705384634
2025-12-12,1.42274394863575
2025-12-15,1.4223595055478224
2025-12-16,1.4354592537072057
2025-12-17,1.4282922252575583
2025-12-18,1.4376146276597288
2025-12-19,1.4353388818420574
2025-12-22,1.4251432878417938
2025-12-23,1.4256909352733504
2025-12-24,1.4172203765602747
2025-12-26,1.4215704365742048
2025-12-29,1.4277333865629278
2025-12-30,1.4293511242422836
2025-12-31,1.4332742521913886
